year,state,votes,party
1976,AK,71555,REP
1976,AK,44058,DEM
1976,AK,6785,LIB
1976,AK,1176,OTHER
1980,AK,86112,REP
1980,AK,41842,DEM
1980,AK,18479,LIB
1980,AK,11155,OTHER
1980,AK,857,OTHER
1984,AK,138377,REP
1984,AK,62007,DEM
1984,AK,6378,LIB
1984,AK,843,OTHER
1988,AK,119251,REP
1988,AK,72584,DEM
1988,AK,5484,LIB
1988,AK,1024,OTHER
1988,AK,957,OTHER
1988,AK,816,OTHER
1992,AK,102000,REP
1992,AK,78294,DEM
1992,AK,73481,OTHER
1992,AK,1379,OTHER
1992,AK,1378,LIB
1992,AK,469,OTHER
1992,AK,433,OTHER
1992,AK,377,OTHER
1992,AK,365,OTHER
1992,AK,330,OTHER
1996,AK,122746,REP
1996,AK,80380,DEM
1996,AK,26333,OTHER
1996,AK,7597,OTHER
1996,AK,2276,LIB
1996,AK,925,OTHER
1996,AK,729,OTHER
1996,AK,634,OTHER
2000,AK,167398,REP
2000,AK,79004,DEM
2000,AK,28747,OTHER
2000,AK,5192,OTHER
2000,AK,2636,LIB
2000,AK,1068,OTHER
2000,AK,919,OTHER
2000,AK,596,OTHER
2004,AK,190889,REP
2004,AK,111025,DEM
2004,AK,5069,OTHER
2004,AK,2092,OTHER
2004,AK,1675,LIB
2004,AK,1058,OTHER
2004,AK,790,OTHER
2008,AK,193841,REP
2008,AK,123594,DEM
2008,AK,3783,OTHER
2008,AK,1730,OTHER
2008,AK,1660,OTHER
2008,AK,1589,LIB
2012,AK,164676,REP
2012,AK,122640,DEM
2012,AK,7392,LIB
2012,AK,2917,OTHER
2012,AK,2870,OTHER
2016,AK,163387,REP
2016,AK,116454,DEM
2016,AK,18725,LIB
2016,AK,9201,OTHER
2016,AK,5735,OTHER
2016,AK,3866,OTHER
2016,AK,1240,OTHER
2020,AK,153778,DEM
2020,AK,189951,REP
2020,AK,8897,LIB
2020,AK,318,OTHER
2020,AK,825,OTHER
2020,AK,2673,OTHER
2020,AK,1127,OTHER
2020,AK,1961,OTHER
1976,AL,659170,DEM
1976,AL,504070,REP
1976,AL,9198,OTHER
1976,AL,6669,OTHER
1976,AL,1954,OTHER
1976,AL,1481,LIB
1976,AL,308,OTHER
1980,AL,654192,REP
1980,AL,636730,DEM
1980,AL,16481,OTHER
1980,AL,15010,OTHER
1980,AL,13318,LIB
1980,AL,1743,OTHER
1980,AL,1629,OTHER
1980,AL,1303,OTHER
1980,AL,1006,OTHER
1980,AL,517,OTHER
1984,AL,872849,REP
1984,AL,551899,DEM
1984,AL,9504,LIB
1984,AL,4671,OTHER
1984,AL,1401,OTHER
1984,AL,730,OTHER
1984,AL,659,OTHER
1988,AL,815576,REP
1988,AL,549506,DEM
1988,AL,8460,LIB
1988,AL,4428,OTHER
1988,AL,506,OTHER
1992,AL,804283,REP
1992,AL,690080,DEM
1992,AL,183109,OTHER
1992,AL,5737,LIB
1992,AL,4128,OTHER
1992,AL,723,OTHER
1996,AL,769044,REP
1996,AL,662165,DEM
1996,AL,95030,OTHER
1996,AL,5290,LIB
1996,AL,1697,OTHER
1996,AL,1123,OTHER
2000,AL,941173,REP
2000,AL,692611,DEM
2000,AL,25896,OTHER
2000,AL,5893,LIB
2000,AL,699,OTHER
2004,AL,1176394,REP
2004,AL,693933,DEM
2004,AL,12190,OTHER
2004,AL,898,OTHER
2008,AL,1266546,REP
2008,AL,813479,DEM
2008,AL,16089,OTHER
2008,AL,3705,OTHER
2012,AL,1255925,REP
2012,AL,795696,DEM
2012,AL,18706,OTHER
2012,AL,4011,OTHER
2016,AL,1318255,REP
2016,AL,729547,DEM
2016,AL,44467,LIB
2016,AL,21712,OTHER
2016,AL,9391,OTHER
2020,AL,849624,DEM
2020,AL,1441170,REP
2020,AL,25176,LIB
2020,AL,7312,OTHER
1976,AR,498604,DEM
1976,AR,267903,REP
1976,AR,639,OTHER
1976,AR,389,OTHER
1980,AR,403164,REP
1980,AR,398041,DEM
1980,AR,22468,OTHER
1980,AR,8970,LIB
1980,AR,2345,OTHER
1980,AR,1350,OTHER
1980,AR,1244,OTHER
1984,AR,534774,REP
1984,AR,338646,DEM
1984,AR,2221,LIB
1984,AR,1890,OTHER
1984,AR,1499,OTHER
1984,AR,1461,OTHER
1984,AR,1291,OTHER
1984,AR,960,OTHER
1984,AR,842,OTHER
1984,AR,822,OTHER
1988,AR,466578,REP
1988,AR,349237,DEM
1988,AR,5146,OTHER
1988,AR,3297,LIB
1988,AR,2161,OTHER
1988,AR,1319,OTHER
1992,AR,505823,DEM
1992,AR,337324,REP
1992,AR,99132,OTHER
1992,AR,8374,OTHER
1996,AR,475171,DEM
1996,AR,325416,REP
1996,AR,69884,OTHER
1996,AR,3649,OTHER
1996,AR,3076,LIB
1996,AR,2065,OTHER
1996,AR,932,OTHER
1996,AR,823,OTHER
1996,AR,749,OTHER
1996,AR,747,OTHER
1996,AR,729,OTHER
1996,AR,538,OTHER
1996,AR,483,OTHER
2000,AR,472940,REP
2000,AR,422768,DEM
2000,AR,13421,OTHER
2000,AR,7358,OTHER
2000,AR,2781,LIB
2000,AR,1415,OTHER
2000,AR,1098,OTHER
2004,AR,572898,REP
2004,AR,469953,DEM
2004,AR,6171,OTHER
2004,AR,2352,LIB
2004,AR,2083,OTHER
2004,AR,1488,OTHER
2008,AR,638017,REP
2008,AR,422310,DEM
2008,AR,12882,OTHER
2008,AR,4776,LIB
2008,AR,4023,OTHER
2008,AR,3470,OTHER
2008,AR,1139,OTHER
2012,AR,647744,REP
2012,AR,394409,DEM
2012,AR,16276,LIB
2012,AR,9305,OTHER
2012,AR,1734,OTHER
2016,AR,684872,REP
2016,AR,380494,DEM
2016,AR,29829,LIB
2016,AR,13255,OTHER
2016,AR,9473,OTHER
2016,AR,4709,OTHER
2016,AR,4613,OTHER
2016,AR,3390,OTHER
2020,AR,1713,OTHER
2020,AR,2108,OTHER
2020,AR,423932,DEM
2020,AR,2980,OTHER
2020,AR,2141,OTHER
2020,AR,1475,OTHER
2020,AR,4099,OTHER
2020,AR,2812,OTHER
2020,AR,1321,OTHER
2020,AR,13133,LIB
2020,AR,1372,OTHER
2020,AR,760647,REP
2020,AR,1336,OTHER
1976,AZ,418642,REP
1976,AZ,295602,DEM
1976,AZ,19229,OTHER
1976,AZ,7647,LIB
1976,AZ,928,OTHER
1976,AZ,564,OTHER
1976,AZ,85,OTHER
1976,AZ,22,OTHER
1980,AZ,529688,REP
1980,AZ,246843,DEM
1980,AZ,76952,OTHER
1980,AZ,18784,LIB
1980,AZ,1100,OTHER
1980,AZ,551,OTHER
1980,AZ,25,OTHER
1980,AZ,2,OTHER
1984,AZ,681416,REP
1984,AZ,333854,DEM
1984,AZ,10585,LIB
1984,AZ,42,OTHER
1988,AZ,702541,REP
1988,AZ,454029,DEM
1988,AZ,13351,LIB
1988,AZ,1662,OTHER
1988,AZ,290,OTHER
1992,AZ,572086,REP
1992,AZ,543050,DEM
1992,AZ,353741,OTHER
1992,AZ,8141,OTHER
1992,AZ,6759,LIB
1992,AZ,2267,OTHER
1992,AZ,923,OTHER
1992,AZ,8,OTHER
1996,AZ,653288,DEM
1996,AZ,622073,REP
1996,AZ,112072,OTHER
1996,AZ,14358,LIB
1996,AZ,2573,OTHER
1996,AZ,41,OTHER
2000,AZ,781652,REP
2000,AZ,685341,DEM
2000,AZ,45645,OTHER
2000,AZ,12373,OTHER
2000,AZ,5775,LIB
2000,AZ,1120,OTHER
2000,AZ,110,OTHER
2004,AZ,1104294,REP
2004,AZ,893524,DEM
2004,AZ,11856,LIB
2004,AZ,2911,OTHER
2008,AZ,1230111,REP
2008,AZ,1034707,DEM
2008,AZ,12555,LIB
2008,AZ,11301,OTHER
2008,AZ,3406,OTHER
2008,AZ,1395,OTHER
2012,AZ,1233654,REP
2012,AZ,1025232,DEM
2012,AZ,32100,LIB
2012,AZ,7816,OTHER
2012,AZ,452,OTHER
2016,AZ,1252401,REP
2016,AZ,1161167,DEM
2016,AZ,106327,LIB
2016,AZ,34345,OTHER
2016,AZ,17473,OTHER
2016,AZ,1058,OTHER
2016,AZ,311,OTHER
2016,AZ,42,DEM
2016,AZ,29,OTHER
2016,AZ,12,OTHER
2020,AZ,1672143,DEM
2020,AZ,1661686,REP
2020,AZ,51465,LIB
2020,AZ,190,OTHER
2020,AZ,36,OTHER
2020,AZ,236,OTHER
2020,AZ,13,OTHER
2020,AZ,1557,OTHER
1976,CA,3882244,REP
1976,CA,3742284,DEM
1976,CA,56388,OTHER
1976,CA,51098,OTHER
1976,CA,41731,OTHER
1976,CA,17259,OTHER
1976,CA,12766,OTHER
1980,CA,4522994,REP
1980,CA,3082943,DEM
1980,CA,739618,OTHER
1980,CA,148390,LIB
1980,CA,61046,OTHER
1980,CA,18106,OTHER
1980,CA,9841,OTHER
1984,CA,5467009,REP
1984,CA,3922519,DEM
1984,CA,49951,LIB
1984,CA,39265,OTHER
1984,CA,26297,OTHER
1988,CA,5054917,REP
1988,CA,4702233,DEM
1988,CA,70105,LIB
1988,CA,58999,OTHER
1988,CA,811,OTHER
1992,CA,5121325,DEM
1992,CA,3630574,REP
1992,CA,2296006,OTHER
1992,CA,48139,LIB
1992,CA,18597,OTHER
1992,CA,12711,OTHER
1992,CA,4369,OTHER
1996,CA,5119835,DEM
1996,CA,3828381,REP
1996,CA,697847,OTHER
1996,CA,237016,OTHER
1996,CA,73600,LIB
1996,CA,25332,OTHER
1996,CA,21202,OTHER
1996,CA,15403,OTHER
1996,CA,853,OTHER
2000,CA,5861203,DEM
2000,CA,4567429,REP
2000,CA,418707,OTHER
2000,CA,45520,LIB
2000,CA,44987,OTHER
2000,CA,17042,OTHER
2000,CA,10934,OTHER
2004,CA,6745485,DEM
2004,CA,5509826,REP
2004,CA,50165,LIB
2004,CA,40771,OTHER
2004,CA,27607,OTHER
2004,CA,26645,OTHER
2004,CA,20854,OTHER
2008,CA,8274473,DEM
2008,CA,5011781,REP
2008,CA,108381,OTHER
2008,CA,67582,LIB
2008,CA,40673,OTHER
2008,CA,38774,OTHER
2008,CA,20236,OTHER
2012,CA,7854285,DEM
2012,CA,4839958,REP
2012,CA,143221,LIB
2012,CA,85638,OTHER
2012,CA,53824,OTHER
2012,CA,38372,OTHER
2012,CA,23249,OTHER
2016,CA,8753788,DEM
2016,CA,4483810,REP
2016,CA,478500,LIB
2016,CA,278657,OTHER
2016,CA,120739,OTHER
2016,CA,66101,OTHER
2020,CA,11110250,DEM
2020,CA,6006429,REP
2020,CA,187895,LIB
2020,CA,81029,OTHER
2020,CA,60160,OTHER
2020,CA,51037,OTHER
2020,CA,2605,OTHER
2020,CA,611,OTHER
2020,CA,559,OTHER
2020,CA,185,OTHER
2020,CA,121,OTHER
1976,CO,584278,REP
1976,CO,460801,DEM
1976,CO,26047,OTHER
1976,CO,5338,LIB
1976,CO,2886,OTHER
1976,CO,1122,OTHER
1976,CO,565,OTHER
1976,CO,403,OTHER
1980,CO,652264,REP
1980,CO,368009,DEM
1980,CO,130633,OTHER
1980,CO,25744,LIB
1980,CO,5614,OTHER
1980,CO,1180,OTHER
1980,CO,519,OTHER
1980,CO,487,OTHER
1984,CO,821817,REP
1984,CO,454975,DEM
1984,CO,11257,LIB
1984,CO,4662,OTHER
1984,CO,978,OTHER
1984,CO,858,OTHER
1984,CO,810,OTHER
1984,CO,23,OTHER
1988,CO,728177,REP
1988,CO,621453,DEM
1988,CO,15482,LIB
1988,CO,4604,OTHER
1988,CO,2539,OTHER
1988,CO,139,OTHER
1992,CO,629681,DEM
1992,CO,562850,REP
1992,CO,366010,OTHER
1992,CO,8669,LIB
1992,CO,1608,OTHER
1992,CO,274,OTHER
1992,CO,47,OTHER
1992,CO,21,OTHER
1992,CO,20,OTHER
1996,CO,691848,REP
1996,CO,671152,DEM
1996,CO,99629,OTHER
1996,CO,25070,OTHER
1996,CO,12392,LIB
1996,CO,2813,OTHER
1996,CO,2809,OTHER
1996,CO,2545,OTHER
1996,CO,669,OTHER
1996,CO,599,OTHER
1996,CO,557,OTHER
1996,CO,375,OTHER
1996,CO,244,OTHER
2000,CO,883748,REP
2000,CO,738227,DEM
2000,CO,91434,OTHER
2000,CO,12799,LIB
2000,CO,10465,OTHER
2000,CO,2240,OTHER
2000,CO,1319,OTHER
2000,CO,712,OTHER
2000,CO,216,OTHER
2000,CO,208,OTHER
2004,CO,1101255,REP
2004,CO,1001732,DEM
2004,CO,12718,OTHER
2004,CO,7664,LIB
2004,CO,2562,OTHER
2004,CO,1591,OTHER
2004,CO,804,OTHER
2004,CO,378,OTHER
2004,CO,329,OTHER
2004,CO,241,OTHER
2004,CO,216,OTHER
2004,CO,140,OTHER
2008,CO,1288576,DEM
2008,CO,1073589,REP
2008,CO,13350,OTHER
2008,CO,10897,LIB
2008,CO,6233,OTHER
2008,CO,3051,OTHER
2008,CO,2822,OTHER
2008,CO,828,OTHER
2008,CO,598,OTHER
2008,CO,348,OTHER
2008,CO,336,OTHER
2008,CO,226,OTHER
2008,CO,158,OTHER
2008,CO,154,OTHER
2008,CO,110,OTHER
2008,CO,85,OTHER
2012,CO,1323101,DEM
2012,CO,1185243,REP
2012,CO,35545,LIB
2012,CO,7508,OTHER
2012,CO,6234,OTHER
2012,CO,5057,OTHER
2012,CO,2588,OTHER
2012,CO,1262,OTHER
2012,CO,791,OTHER
2012,CO,679,OTHER
2012,CO,317,OTHER
2012,CO,308,OTHER
2012,CO,267,OTHER
2012,CO,235,OTHER
2012,CO,192,OTHER
2012,CO,189,OTHER
2016,CO,1338870,DEM
2016,CO,1202484,REP
2016,CO,144121,LIB
2016,CO,38437,OTHER
2016,CO,31485,OTHER
2016,CO,11699,OTHER
2016,CO,5028,OTHER
2016,CO,1255,OTHER
2016,CO,1096,OTHER
2016,CO,872,OTHER
2016,CO,862,OTHER
2016,CO,751,OTHER
2016,CO,710,OTHER
2016,CO,531,OTHER
2016,CO,452,OTHER
2016,CO,392,OTHER
2016,CO,382,OTHER
2016,CO,337,OTHER
2016,CO,271,OTHER
2016,CO,185,OTHER
2020,CO,1804352,DEM
2020,CO,1364607,REP
2020,CO,52460,LIB
2020,CO,8986,OTHER
2020,CO,1035,OTHER
2020,CO,636,OTHER
2020,CO,572,OTHER
2020,CO,8089,OTHER
2020,CO,5061,OTHER
2020,CO,2730,OTHER
2020,CO,355,OTHER
2020,CO,25515,OTHER
2020,CO,2011,OTHER
2020,CO,568,OTHER
2020,CO,379,OTHER
2020,CO,495,OTHER
2020,CO,354,OTHER
2020,CO,196,OTHER
2020,CO,762,OTHER
2020,CO,614,OTHER
2020,CO,175,OTHER
2020,CO,4,OTHER
2020,CO,24,OTHER
1976,CT,719261,REP
1976,CT,647895,DEM
1976,CT,10309,OTHER
1976,CT,7101,OTHER
1976,CT,1789,OTHER
1980,CT,677210,REP
1980,CT,541732,DEM
1980,CT,171807,OTHER
1980,CT,8570,LIB
1980,CT,6130,OTHER
1980,CT,836,OTHER
1984,CT,890877,REP
1984,CT,569597,DEM
1984,CT,4826,OTHER
1984,CT,1374,OTHER
1984,CT,226,OTHER
1988,CT,750241,REP
1988,CT,676584,DEM
1988,CT,14071,LIB
1988,CT,2491,OTHER
1988,CT,7,OTHER
1992,CT,682318,DEM
1992,CT,578313,REP
1992,CT,348771,OTHER
1992,CT,5391,LIB
1992,CT,1363,OTHER
1996,CT,735740,DEM
1996,CT,483109,REP
1996,CT,139523,OTHER
1996,CT,24321,OTHER
1996,CT,5788,LIB
1996,CT,2425,OTHER
1996,CT,1703,OTHER
1996,CT,5,OTHER
2000,CT,816015,DEM
2000,CT,561094,REP
2000,CT,64452,OTHER
2000,CT,9695,OTHER
2000,CT,4731,OTHER
2000,CT,3484,LIB
2000,CT,54,OTHER
2004,CT,857488,DEM
2004,CT,693826,REP
2004,CT,12969,OTHER
2004,CT,9564,OTHER
2004,CT,3367,LIB
2004,CT,1543,OTHER
2004,CT,12,OTHER
2008,CT,997772,DEM
2008,CT,629428,REP
2008,CT,19162,OTHER
2008,CT,430,OTHER
2012,CT,905083,DEM
2012,CT,634892,REP
2012,CT,12340,LIB
2012,CT,4971,OTHER
2012,CT,918,OTHER
2016,CT,897572,DEM
2016,CT,673215,REP
2016,CT,48676,LIB
2016,CT,22841,OTHER
2016,CT,2616,OTHER
2020,CT,1080831,DEM
2020,CT,714717,REP
2020,CT,20230,LIB
2020,CT,7538,OTHER
2020,CT,219,OTHER
2020,CT,11,OTHER
2020,CT,0,OTHER
2020,CT,1,OTHER
2020,CT,6,OTHER
2020,CT,2,OTHER
2020,CT,13,OTHER
2020,CT,12,OTHER
2020,CT,22,OTHER
2020,CT,255,OTHER
1976,DC,137818,DEM
1976,DC,27873,REP
1976,DC,1656,OTHER
1976,DC,1195,OTHER
1976,DC,288,OTHER
1980,DC,130231,DEM
1980,DC,23313,REP
1980,DC,16131,OTHER
1980,DC,1826,OTHER
1980,DC,1104,LIB
1980,DC,690,OTHER
1980,DC,369,OTHER
1980,DC,173,OTHER
1980,DC,52,OTHER
1984,DC,180408,DEM
1984,DC,29009,REP
1984,DC,809,OTHER
1984,DC,279,LIB
1984,DC,257,OTHER
1984,DC,165,OTHER
1984,DC,127,OTHER
1984,DC,127,OTHER
1984,DC,107,OTHER
1988,DC,159407,DEM
1988,DC,27590,REP
1988,DC,3064,OTHER
1988,DC,1553,OTHER
1988,DC,554,LIB
1988,DC,236,OTHER
1988,DC,208,OTHER
1988,DC,142,OTHER
1988,DC,123,OTHER
1992,DC,192619,DEM
1992,DC,20698,REP
1992,DC,9681,OTHER
1992,DC,1459,OTHER
1992,DC,1446,OTHER
1992,DC,676,OTHER
1992,DC,467,LIB
1992,DC,230,OTHER
1992,DC,191,OTHER
1992,DC,105,OTHER
1996,DC,158220,DEM
1996,DC,17339,REP
1996,DC,4780,OTHER
1996,DC,3611,OTHER
1996,DC,648,OTHER
1996,DC,588,LIB
1996,DC,283,OTHER
1996,DC,257,OTHER
2000,DC,171923,DEM
2000,DC,18073,REP
2000,DC,10576,OTHER
2000,DC,669,LIB
2000,DC,539,OTHER
2000,DC,114,OTHER
2004,DC,202970,DEM
2004,DC,21256,REP
2004,DC,1485,OTHER
2004,DC,737,OTHER
2004,DC,506,OTHER
2004,DC,502,LIB
2004,DC,130,OTHER
2008,DC,245800,DEM
2008,DC,17367,REP
2008,DC,1138,OTHER
2008,DC,958,OTHER
2008,DC,590,OTHER
2012,DC,267070,DEM
2012,DC,21381,REP
2012,DC,2458,OTHER
2012,DC,2083,LIB
2012,DC,772,OTHER
2016,DC,282830,DEM
2016,DC,12723,REP
2016,DC,6551,OTHER
2016,DC,4906,LIB
2016,DC,4258,OTHER
2016,DC,1064,OTHER
2016,DC,243,OTHER
2020,DC,317323,DEM
2020,DC,18586,REP
2020,DC,2036,LIB
2020,DC,1726,OTHER
2020,DC,855,OTHER
2020,DC,3137,OTHER
2020,DC,693,OTHER
1976,DE,122461,DEM
1976,DE,109780,REP
1976,DE,2432,OTHER
1976,DE,645,OTHER
1976,DE,135,OTHER
1976,DE,103,OTHER
1976,DE,86,OTHER
1980,DE,111252,REP
1980,DE,105754,DEM
1980,DE,16288,OTHER
1980,DE,1974,LIB
1980,DE,400,OTHER
1984,DE,152190,REP
1984,DE,101656,DEM
1984,DE,269,OTHER
1984,DE,268,LIB
1984,DE,121,OTHER
1984,DE,68,OTHER
1988,DE,139639,REP
1988,DE,108647,DEM
1988,DE,1162,LIB
1988,DE,443,OTHER
1992,DE,126054,DEM
1992,DE,102313,REP
1992,DE,59213,OTHER
1992,DE,1105,OTHER
1992,DE,935,LIB
1996,DE,140355,DEM
1996,DE,99062,REP
1996,DE,28719,OTHER
1996,DE,2052,LIB
1996,DE,348,OTHER
1996,DE,274,OTHER
2000,DE,180068,DEM
2000,DE,137288,REP
2000,DE,8307,OTHER
2000,DE,777,OTHER
2000,DE,774,LIB
2000,DE,208,OTHER
2000,DE,107,OTHER
2004,DE,200152,DEM
2004,DE,171660,REP
2004,DE,2153,OTHER
2004,DE,586,LIB
2004,DE,289,OTHER
2004,DE,250,OTHER
2004,DE,100,OTHER
2008,DE,255459,DEM
2008,DE,152374,REP
2008,DE,2401,OTHER
2008,DE,1109,LIB
2008,DE,626,OTHER
2008,DE,385,OTHER
2008,DE,58,OTHER
2012,DE,242584,DEM
2012,DE,165484,REP
2012,DE,3882,LIB
2012,DE,1940,OTHER
2016,DE,235603,DEM
2016,DE,185127,REP
2016,DE,14757,LIB
2016,DE,6103,OTHER
2020,DE,7,OTHER
2020,DE,87,OTHER
2020,DE,5,OTHER
2020,DE,1,OTHER
2020,DE,3,OTHER
2020,DE,14,OTHER
2020,DE,28,OTHER
2020,DE,169,OTHER
2020,DE,1,OTHER
2020,DE,1,OTHER
2020,DE,8,OTHER
2020,DE,2,OTHER
2020,DE,1,OTHER
2020,DE,2,OTHER
2020,DE,4,OTHER
2020,DE,2,OTHER
2020,DE,1,OTHER
2020,DE,296268,DEM
2020,DE,200603,REP
2020,DE,5000,LIB
2020,DE,2139,OTHER
1976,FL,1636000,DEM
1976,FL,1469531,REP
1976,FL,23643,OTHER
1976,FL,21325,OTHER
1976,FL,132,OTHER
1980,FL,2046951,REP
1980,FL,1419475,DEM
1980,FL,189692,OTHER
1980,FL,30524,LIB
1980,FL,285,OTHER
1984,FL,2730350,REP
1984,FL,1448816,DEM
1984,FL,885,OTHER
1988,FL,2618885,REP
1988,FL,1656701,DEM
1988,FL,19796,LIB
1988,FL,6655,OTHER
1988,FL,276,OTHER
1992,FL,2173310,REP
1992,FL,2071698,DEM
1992,FL,1053067,OTHER
1992,FL,15079,LIB
1992,FL,238,OTHER
1996,FL,2546870,DEM
1996,FL,2244536,REP
1996,FL,483870,OTHER
1996,FL,23326,LIB
1996,FL,4552,OTHER
2000,FL,2912790,REP
2000,FL,2912253,DEM
2000,FL,97488,OTHER
2000,FL,17484,OTHER
2000,FL,16415,LIB
2000,FL,2281,OTHER
2000,FL,1804,OTHER
2000,FL,1371,OTHER
2000,FL,622,OTHER
2000,FL,562,OTHER
2000,FL,40,OTHER
2004,FL,3964522,REP
2004,FL,3583544,DEM
2004,FL,32971,OTHER
2004,FL,11996,LIB
2004,FL,6626,OTHER
2004,FL,3917,OTHER
2004,FL,3502,OTHER
2004,FL,2732,OTHER
2008,FL,4282074,DEM
2008,FL,4045624,REP
2008,FL,28124,OTHER
2008,FL,17218,LIB
2008,FL,7915,OTHER
2008,FL,2887,OTHER
2008,FL,2550,OTHER
2008,FL,1516,OTHER
2008,FL,795,OTHER
2008,FL,533,OTHER
2008,FL,419,OTHER
2008,FL,405,OTHER
2008,FL,391,OTHER
2008,FL,293,OTHER
2012,FL,4237756,DEM
2012,FL,4163447,REP
2012,FL,44726,LIB
2012,FL,8947,OTHER
2012,FL,8154,OTHER
2012,FL,3856,OTHER
2012,FL,2607,OTHER
2012,FL,1754,OTHER
2012,FL,946,OTHER
2012,FL,820,OTHER
2012,FL,799,OTHER
2012,FL,322,OTHER
2012,FL,45,OTHER
2016,FL,4617886,REP
2016,FL,4504975,DEM
2016,FL,207043,LIB
2016,FL,64399,OTHER
2016,FL,16475,OTHER
2016,FL,9108,OTHER
2016,FL,153,OTHER
2020,FL,5297045,DEM
2020,FL,5668731,REP
2020,FL,70324,LIB
2020,FL,14721,OTHER
2020,FL,5712,OTHER
2020,FL,5966,OTHER
2020,FL,9,OTHER
2020,FL,3902,OTHER
2020,FL,8,OTHER
2020,FL,2,OTHER
2020,FL,181,OTHER
2020,FL,854,OTHER
2020,FL,1,OTHER
1976,GA,979409,DEM
1976,GA,483743,REP
1980,GA,890955,DEM
1980,GA,654168,REP
1980,GA,36055,OTHER
1980,GA,15627,LIB
1984,GA,1068722,REP
1984,GA,706628,DEM
1984,GA,753,OTHER
1988,GA,1081331,REP
1988,GA,714792,DEM
1988,GA,8435,LIB
1988,GA,5099,OTHER
1988,GA,15,OTHER
1992,GA,1008966,DEM
1992,GA,995252,REP
1992,GA,309657,OTHER
1992,GA,7110,LIB
1992,GA,148,OTHER
1996,GA,1080843,REP
1996,GA,1053849,DEM
1996,GA,146337,OTHER
1996,GA,17870,LIB
2000,GA,1419720,REP
2000,GA,1116230,DEM
2000,GA,36332,LIB
2000,GA,10926,OTHER
2004,GA,1914254,REP
2004,GA,1366149,DEM
2004,GA,18387,LIB
2004,GA,3085,OTHER
2008,GA,2048759,REP
2008,GA,1844123,DEM
2008,GA,28731,LIB
2008,GA,1715,OTHER
2008,GA,1158,OTHER
2012,GA,2078688,REP
2012,GA,1773827,DEM
2012,GA,45324,LIB
2016,GA,2089104,REP
2016,GA,1877963,DEM
2016,GA,125306,LIB
2016,GA,22359,OTHER
2020,GA,10,OTHER
2020,GA,701,OTHER
2020,GA,6,OTHER
2020,GA,1,OTHER
2020,GA,61,OTHER
2020,GA,159,OTHER
2020,GA,1013,OTHER
2020,GA,181,OTHER
2020,GA,6,OTHER
2020,GA,2,OTHER
2020,GA,11,OTHER
2020,GA,65,OTHER
2020,GA,8,OTHER
2020,GA,8,OTHER
2020,GA,7,OTHER
2020,GA,5,OTHER
2020,GA,2473633,DEM
2020,GA,2461854,REP
2020,GA,62229,LIB
1976,HI,147375,DEM
1976,HI,140003,REP
1976,HI,3923,LIB
1980,HI,135879,DEM
1980,HI,130112,REP
1980,HI,32021,OTHER
1980,HI,3269,LIB
1980,HI,1548,OTHER
1980,HI,458,OTHER
1984,HI,185050,REP
1984,HI,147154,DEM
1984,HI,2167,LIB
1984,HI,821,OTHER
1984,HI,654,OTHER
1988,HI,192364,DEM
1988,HI,158625,REP
1988,HI,1999,LIB
1988,HI,1003,OTHER
1988,HI,470,OTHER
1992,HI,179310,DEM
1992,HI,136822,REP
1992,HI,53003,OTHER
1992,HI,1452,OTHER
1992,HI,1119,LIB
1992,HI,720,OTHER
1992,HI,416,OTHER
1996,HI,205012,DEM
1996,HI,113943,REP
1996,HI,27358,OTHER
1996,HI,10386,OTHER
1996,HI,2493,LIB
1996,HI,570,OTHER
1996,HI,358,OTHER
2000,HI,205286,DEM
2000,HI,137845,REP
2000,HI,21623,OTHER
2000,HI,1477,LIB
2000,HI,1071,OTHER
2000,HI,343,OTHER
2000,HI,306,OTHER
2004,HI,231708,DEM
2004,HI,194191,REP
2004,HI,1737,OTHER
2004,HI,1377,LIB
2008,HI,325871,DEM
2008,HI,120566,REP
2008,HI,3825,OTHER
2008,HI,2193,OTHER
2008,HI,1314,LIB
2008,HI,1013,OTHER
2008,HI,979,OTHER
2008,HI,303,OTHER
2012,HI,306658,DEM
2012,HI,121015,REP
2012,HI,3840,LIB
2012,HI,3184,OTHER
2012,HI,2227,OTHER
2012,HI,235,OTHER
2016,HI,266891,DEM
2016,HI,128847,REP
2016,HI,15954,LIB
2016,HI,12737,OTHER
2016,HI,8289,OTHER
2016,HI,4508,OTHER
2016,HI,438,OTHER
2020,HI,366130,DEM
2020,HI,196864,REP
2020,HI,5539,LIB
2020,HI,3822,OTHER
2020,HI,1183,OTHER
2020,HI,931,OTHER
2020,HI,4927,OTHER
2020,HI,388,OTHER
1976,IA,632864,REP
1976,IA,619931,DEM
1976,IA,20057,OTHER
1976,IA,3041,OTHER
1976,IA,1454,LIB
1976,IA,551,OTHER
1976,IA,509,OTHER
1976,IA,262,OTHER
1976,IA,241,OTHER
1976,IA,233,OTHER
1976,IA,160,OTHER
1980,IA,676026,REP
1980,IA,508672,DEM
1980,IA,115633,OTHER
1980,IA,13123,LIB
1980,IA,2273,OTHER
1980,IA,534,OTHER
1980,IA,519,OTHER
1980,IA,298,OTHER
1980,IA,244,OTHER
1980,IA,189,OTHER
1980,IA,150,OTHER
1984,IA,703088,REP
1984,IA,605620,DEM
1984,IA,6248,OTHER
1984,IA,1844,LIB
1984,IA,1051,OTHER
1984,IA,892,OTHER
1984,IA,463,OTHER
1984,IA,313,OTHER
1984,IA,286,OTHER
1988,IA,670557,DEM
1988,IA,545355,REP
1988,IA,3526,OTHER
1988,IA,2494,LIB
1988,IA,1613,OTHER
1988,IA,755,OTHER
1988,IA,540,OTHER
1988,IA,334,OTHER
1988,IA,235,OTHER
1988,IA,205,OTHER
1992,IA,586353,DEM
1992,IA,504891,REP
1992,IA,253468,OTHER
1992,IA,3079,OTHER
1992,IA,1753,OTHER
1992,IA,1177,OTHER
1992,IA,1076,LIB
1992,IA,741,OTHER
1992,IA,669,OTHER
1992,IA,480,OTHER
1992,IA,273,OTHER
1992,IA,238,OTHER
1992,IA,212,OTHER
1992,IA,197,OTHER
1996,IA,620258,DEM
1996,IA,492644,REP
1996,IA,105159,OTHER
1996,IA,6550,OTHER
1996,IA,3349,OTHER
1996,IA,2315,LIB
1996,IA,2229,OTHER
1996,IA,1240,OTHER
1996,IA,331,OTHER
2000,IA,638517,DEM
2000,IA,634373,REP
2000,IA,37459,OTHER
2000,IA,29374,OTHER
2000,IA,5731,OTHER
2000,IA,3209,LIB
2000,IA,2281,OTHER
2000,IA,1168,OTHER
2000,IA,613,OTHER
2000,IA,190,OTHER
2000,IA,107,OTHER
2004,IA,751957,REP
2004,IA,741898,DEM
2004,IA,6149,OTHER
2004,IA,2992,LIB
2004,IA,1304,OTHER
2004,IA,1141,OTHER
2004,IA,1094,OTHER
2004,IA,373,OTHER
2008,IA,828940,DEM
2008,IA,682379,REP
2008,IA,8014,OTHER
2008,IA,6737,OTHER
2008,IA,4590,LIB
2008,IA,4445,OTHER
2008,IA,1423,OTHER
2008,IA,292,OTHER
2008,IA,182,OTHER
2008,IA,121,OTHER
2012,IA,822544,DEM
2012,IA,730617,REP
2012,IA,12926,LIB
2012,IA,7442,OTHER
2012,IA,3769,OTHER
2012,IA,3038,OTHER
2012,IA,1027,OTHER
2012,IA,445,OTHER
2012,IA,372,OTHER
2016,IA,800983,REP
2016,IA,653669,DEM
2016,IA,59186,LIB
2016,IA,17746,OTHER
2016,IA,12366,OTHER
2016,IA,11479,OTHER
2016,IA,5335,OTHER
2016,IA,2247,OTHER
2016,IA,2246,OTHER
2016,IA,323,OTHER
2020,IA,897672,REP
2020,IA,759061,DEM
2020,IA,1082,OTHER
2020,IA,1707,OTHER
2020,IA,546,OTHER
2020,IA,3075,OTHER
2020,IA,19637,LIB
2020,IA,544,OTHER
2020,IA,3210,OTHER
2020,IA,4337,OTHER
2020,IA,6614,OTHER
2020,IA,2645,OTHER
1976,ID,204151,REP
1976,ID,126549,DEM
1976,ID,5935,OTHER
1976,ID,3558,LIB
1976,ID,739,OTHER
1980,ID,290699,REP
1980,ID,110192,DEM
1980,ID,27058,OTHER
1980,ID,8425,LIB
1980,ID,1057,OTHER
1984,ID,297523,REP
1984,ID,108510,DEM
1984,ID,2823,LIB
1984,ID,2288,OTHER
1988,ID,253881,REP
1988,ID,147272,DEM
1988,ID,5313,LIB
1988,ID,2502,OTHER
1992,ID,202645,REP
1992,ID,137013,DEM
1992,ID,130395,OTHER
1992,ID,10894,OTHER
1992,ID,1167,LIB
1996,ID,256595,REP
1996,ID,165443,DEM
1996,ID,62518,OTHER
1996,ID,3325,LIB
1996,ID,2230,OTHER
1996,ID,1600,OTHER
2000,ID,336937,REP
2000,ID,138637,DEM
2000,ID,12292,OTHER
2000,ID,7615,OTHER
2000,ID,3488,LIB
2000,ID,1469,OTHER
2000,ID,1177,OTHER
2004,ID,409235,REP
2004,ID,181098,DEM
2004,ID,3844,LIB
2004,ID,3084,OTHER
2004,ID,1115,OTHER
2008,ID,403012,REP
2008,ID,236440,DEM
2008,ID,7175,OTHER
2008,ID,4747,OTHER
2008,ID,3658,LIB
2008,ID,90,OTHER
2012,ID,420911,REP
2012,ID,212787,DEM
2012,ID,9453,LIB
2012,ID,6901,OTHER
2012,ID,2222,OTHER
2016,ID,409055,REP
2016,ID,189765,DEM
2016,ID,60748,OTHER
2016,ID,28331,LIB
2016,ID,2356,OTHER
2020,ID,287021,DEM
2020,ID,554119,REP
2020,ID,16404,LIB
2020,ID,407,OTHER
2020,ID,2808,OTHER
2020,ID,1886,OTHER
2020,ID,1491,OTHER
2020,ID,3632,OTHER
2020,ID,49,OTHER
2020,ID,163,OTHER
2020,ID,1,OTHER
2020,ID,1,OTHER
2020,ID,7,OTHER
2020,ID,4,OTHER
2020,ID,21,OTHER
1976,IL,2364269,REP
1976,IL,2271295,DEM
1976,IL,55939,OTHER
1976,IL,9250,OTHER
1976,IL,8057,LIB
1976,IL,4417,OTHER
1976,IL,3615,OTHER
1976,IL,2422,OTHER
1976,IL,2018,OTHER
1980,IL,2358049,REP
1980,IL,1981413,DEM
1980,IL,346754,OTHER
1980,IL,38939,LIB
1980,IL,10692,OTHER
1980,IL,9711,OTHER
1980,IL,2257,OTHER
1980,IL,1302,OTHER
1980,IL,604,OTHER
1984,IL,2707103,REP
1984,IL,2086499,DEM
1984,IL,10086,LIB
1984,IL,4672,OTHER
1984,IL,2716,OTHER
1984,IL,2632,OTHER
1984,IL,2386,OTHER
1984,IL,2132,OTHER
1984,IL,862,OTHER
1988,IL,2310939,REP
1988,IL,2215940,DEM
1988,IL,14944,LIB
1988,IL,10276,OTHER
1988,IL,7021,OTHER
1992,IL,2453350,DEM
1992,IL,1734096,REP
1992,IL,840515,OTHER
1992,IL,9218,LIB
1992,IL,5267,OTHER
1992,IL,3577,OTHER
1992,IL,2751,OTHER
1992,IL,1361,OTHER
1992,IL,22,OTHER
1996,IL,2341744,DEM
1996,IL,1587021,REP
1996,IL,346408,OTHER
1996,IL,22548,LIB
1996,IL,7606,OTHER
1996,IL,4606,OTHER
1996,IL,1458,OTHER
2000,IL,2589026,DEM
2000,IL,2019421,REP
2000,IL,103759,OTHER
2000,IL,16106,OTHER
2000,IL,11623,LIB
2000,IL,2127,OTHER
2000,IL,46,OTHER
2004,IL,2891550,DEM
2004,IL,2345946,REP
2004,IL,32442,LIB
2004,IL,4384,OTHER
2008,IL,3419348,DEM
2008,IL,2031179,REP
2008,IL,30948,OTHER
2008,IL,19642,LIB
2008,IL,11838,OTHER
2008,IL,8256,OTHER
2008,IL,1149,OTHER
2008,IL,11,OTHER
2012,IL,3019512,DEM
2012,IL,2135216,REP
2012,IL,56229,LIB
2012,IL,30222,OTHER
2012,IL,835,OTHER
2016,IL,3090729,DEM
2016,IL,2146015,REP
2016,IL,209596,LIB
2016,IL,76802,OTHER
2016,IL,13282,OTHER
2020,IL,3471915,DEM
2020,IL,2446891,REP
2020,IL,66544,LIB
2020,IL,30494,OTHER
2020,IL,9548,OTHER
2020,IL,8046,OTHER
2020,IL,84,OTHER
2020,IL,78,OTHER
2020,IL,75,OTHER
2020,IL,18,OTHER
2020,IL,18,OTHER
2020,IL,8,OTHER
2020,IL,7,OTHER
2020,IL,5,OTHER
2020,IL,4,OTHER
2020,IL,3,OTHER
2020,IL,2,OTHER
2020,IL,1,OTHER
2020,IL,1,OTHER
2020,IL,1,OTHER
1976,IN,1183958,REP
1976,IN,1014714,DEM
1976,IN,14048,OTHER
1976,IN,5695,OTHER
1976,IN,1947,OTHER
1980,IN,1255656,REP
1980,IN,844197,DEM
1980,IN,111639,OTHER
1980,IN,19627,LIB
1980,IN,4852,OTHER
1980,IN,4750,OTHER
1980,IN,702,OTHER
1980,IN,610,OTHER
1984,IN,1377230,REP
1984,IN,841481,DEM
1984,IN,7617,OTHER
1984,IN,6741,LIB
1988,IN,1297763,REP
1988,IN,860643,DEM
1988,IN,10215,OTHER
1992,IN,989375,REP
1992,IN,848420,DEM
1992,IN,455934,OTHER
1992,IN,7936,LIB
1992,IN,2583,OTHER
1992,IN,1623,OTHER
1996,IN,1006693,REP
1996,IN,887424,DEM
1996,IN,224299,OTHER
1996,IN,15632,LIB
1996,IN,1383,OTHER
2000,IN,1245836,REP
2000,IN,901980,DEM
2000,IN,18997,OTHER
2000,IN,16959,OTHER
2000,IN,15530,LIB
2004,IN,1479438,REP
2004,IN,969011,DEM
2004,IN,18058,LIB
2004,IN,1495,OTHER
2008,IN,1374039,DEM
2008,IN,1345648,REP
2008,IN,29257,LIB
2008,IN,1201,OTHER
2008,IN,909,OTHER
2012,IN,1420543,REP
2012,IN,1152887,DEM
2012,IN,50111,LIB
2012,IN,993,OTHER
2016,IN,1557286,REP
2016,IN,1033126,DEM
2016,IN,133993,LIB
2016,IN,7841,OTHER
2016,IN,1937,OTHER
2016,IN,718,OTHER
2016,IN,57,OTHER
2020,IN,1242416,DEM
2020,IN,1729519,REP
2020,IN,59232,LIB
2020,IN,988,OTHER
2020,IN,893,OTHER
2020,IN,23,OTHER
2020,IN,17,OTHER
2020,IN,13,OTHER
2020,IN,5,OTHER
2020,IN,4,OTHER
2020,IN,4,OTHER
2020,IN,2,OTHER
2020,IN,1,OTHER
2020,IN,1,OTHER
1976,KS,502752,REP
1976,KS,430421,DEM
1976,KS,13185,OTHER
1976,KS,4724,OTHER
1976,KS,3242,OTHER
1976,KS,2118,OTHER
1976,KS,1403,OTHER
1980,KS,566812,REP
1980,KS,326150,DEM
1980,KS,68231,OTHER
1980,KS,14470,LIB
1980,KS,1555,OTHER
1980,KS,967,OTHER
1980,KS,821,OTHER
1980,KS,789,OTHER
1984,KS,677296,REP
1984,KS,333149,DEM
1984,KS,3564,OTHER
1984,KS,3329,LIB
1984,KS,2544,OTHER
1984,KS,2109,OTHER
1988,KS,554049,REP
1988,KS,422636,DEM
1988,KS,16359,OTHER
1992,KS,449951,REP
1992,KS,390434,DEM
1992,KS,312358,OTHER
1992,KS,4314,LIB
1992,KS,179,OTHER
1996,KS,583245,REP
1996,KS,387659,DEM
1996,KS,92639,OTHER
1996,KS,5174,OTHER
1996,KS,4557,LIB
1996,KS,1026,OTHER
2000,KS,622332,REP
2000,KS,399276,DEM
2000,KS,37459,OTHER
2000,KS,7370,OTHER
2000,KS,4525,LIB
2000,KS,1254,OTHER
2004,KS,736456,REP
2004,KS,434993,DEM
2004,KS,9348,OTHER
2004,KS,4013,LIB
2004,KS,2899,OTHER
2004,KS,47,OTHER
2008,KS,699655,REP
2008,KS,514765,DEM
2008,KS,10598,OTHER
2008,KS,6706,LIB
2008,KS,4148,OTHER
2012,KS,692634,REP
2012,KS,440726,DEM
2012,KS,20456,LIB
2012,KS,5017,OTHER
2012,KS,1138,OTHER
2016,KS,671018,REP
2016,KS,427005,DEM
2016,KS,55406,LIB
2016,KS,23506,OTHER
2016,KS,7467,OTHER
2020,KS,771406,REP
2020,KS,570323,DEM
2020,KS,30574,LIB
1976,KY,615717,DEM
1976,KY,531852,REP
1976,KY,8308,OTHER
1976,KY,6837,OTHER
1976,KY,2328,OTHER
1976,KY,814,LIB
1976,KY,510,OTHER
1976,KY,426,OTHER
1976,KY,350,OTHER
1980,KY,635274,REP
1980,KY,617417,DEM
1980,KY,31127,OTHER
1980,KY,5531,LIB
1980,KY,4233,OTHER
1980,KY,1304,OTHER
1980,KY,393,OTHER
1980,KY,348,OTHER
1984,KY,821702,REP
1984,KY,539539,DEM
1984,KY,3129,OTHER
1984,KY,1776,OTHER
1984,KY,1479,OTHER
1984,KY,599,OTHER
1984,KY,428,OTHER
1984,KY,365,OTHER
1984,KY,328,OTHER
1988,KY,734281,REP
1988,KY,580368,DEM
1988,KY,4494,OTHER
1988,KY,2118,LIB
1988,KY,1256,OTHER
1992,KY,665104,DEM
1992,KY,617178,REP
1992,KY,203944,OTHER
1992,KY,4513,LIB
1992,KY,989,OTHER
1992,KY,695,OTHER
1992,KY,430,OTHER
1992,KY,47,OTHER
1996,KY,636614,DEM
1996,KY,623283,REP
1996,KY,120396,OTHER
1996,KY,4009,LIB
1996,KY,2204,OTHER
1996,KY,1493,OTHER
1996,KY,709,OTHER
2000,KY,872520,REP
2000,KY,638923,DEM
2000,KY,23118,OTHER
2000,KY,4152,OTHER
2000,KY,2885,LIB
2000,KY,1513,OTHER
2000,KY,915,OTHER
2000,KY,80,OTHER
2004,KY,1069439,REP
2004,KY,712733,DEM
2004,KY,8856,OTHER
2004,KY,2619,LIB
2004,KY,2213,OTHER
2004,KY,22,OTHER
2008,KY,1048462,REP
2008,KY,751985,DEM
2008,KY,15378,OTHER
2008,KY,5989,LIB
2008,KY,4694,OTHER
2008,KY,112,OTHER
2012,KY,1087190,REP
2012,KY,679370,DEM
2012,KY,17063,LIB
2012,KY,6872,OTHER
2012,KY,6337,OTHER
2012,KY,380,OTHER
2016,KY,1202971,REP
2016,KY,628854,DEM
2016,KY,53752,LIB
2016,KY,22780,OTHER
2016,KY,13913,OTHER
2016,KY,1128,OTHER
2016,KY,751,OTHER
2020,KY,1326646,REP
2020,KY,772474,DEM
2020,KY,26234,LIB
2020,KY,6483,OTHER
2020,KY,3599,OTHER
2020,KY,716,OTHER
2020,KY,408,OTHER
2020,KY,98,OTHER
2020,KY,43,OTHER
2020,KY,29,OTHER
2020,KY,20,OTHER
2020,KY,9,OTHER
2020,KY,7,OTHER
2020,KY,1,OTHER
2020,KY,1,OTHER
1976,LA,661365,DEM
1976,LA,587446,REP
1976,LA,10058,OTHER
1976,LA,7417,OTHER
1976,LA,6490,OTHER
1976,LA,3134,LIB
1976,LA,1473,OTHER
1980,LA,792853,REP
1980,LA,708453,DEM
1980,LA,26345,OTHER
1980,LA,10333,OTHER
1980,LA,8240,LIB
1980,LA,1584,OTHER
1980,LA,783,OTHER
1984,LA,1037299,REP
1984,LA,651586,DEM
1984,LA,9502,OTHER
1984,LA,3552,OTHER
1984,LA,1876,LIB
1984,LA,1310,OTHER
1984,LA,1164,OTHER
1984,LA,533,OTHER
1988,LA,883702,REP
1988,LA,717460,DEM
1988,LA,18612,OTHER
1988,LA,4115,LIB
1988,LA,2355,OTHER
1988,LA,1958,OTHER
1992,LA,815971,DEM
1992,LA,733386,REP
1992,LA,211478,OTHER
1992,LA,18545,OTHER
1992,LA,3155,LIB
1992,LA,1663,OTHER
1992,LA,1552,OTHER
1992,LA,1434,OTHER
1992,LA,1136,OTHER
1992,LA,889,OTHER
1992,LA,808,OTHER
1996,LA,927837,DEM
1996,LA,712586,REP
1996,LA,123293,OTHER
1996,LA,7499,LIB
1996,LA,4719,OTHER
1996,LA,3366,OTHER
1996,LA,2981,OTHER
1996,LA,1678,OTHER
2000,LA,927871,REP
2000,LA,792344,DEM
2000,LA,20473,OTHER
2000,LA,14356,OTHER
2000,LA,5483,OTHER
2000,LA,2951,LIB
2000,LA,1103,OTHER
2000,LA,1075,OTHER
2004,LA,1102169,REP
2004,LA,820299,DEM
2004,LA,7032,OTHER
2004,LA,5203,OTHER
2004,LA,2781,LIB
2004,LA,1795,OTHER
2004,LA,1566,OTHER
2004,LA,1276,OTHER
2004,LA,985,OTHER
2008,LA,1148275,REP
2008,LA,782989,DEM
2008,LA,9368,OTHER
2008,LA,9187,OTHER
2008,LA,6997,OTHER
2008,LA,2581,OTHER
2008,LA,735,OTHER
2008,LA,354,OTHER
2008,LA,275,OTHER
2012,LA,1152262,REP
2012,LA,809141,DEM
2012,LA,18157,LIB
2012,LA,6978,OTHER
2012,LA,2508,OTHER
2012,LA,1767,OTHER
2012,LA,1368,OTHER
2012,LA,622,OTHER
2012,LA,518,OTHER
2012,LA,389,OTHER
2012,LA,355,OTHER
2016,LA,1178638,REP
2016,LA,780154,DEM
2016,LA,37978,LIB
2016,LA,18231,OTHER
2016,LA,14031,OTHER
2020,LA,856034,DEM
2020,LA,21645,LIB
2020,LA,1255776,REP
2020,LA,2497,OTHER
2020,LA,1626,OTHER
2020,LA,1125,OTHER
2020,LA,860,OTHER
2020,LA,749,OTHER
2020,LA,668,OTHER
2020,LA,987,OTHER
2020,LA,536,OTHER
2020,LA,4897,OTHER
2020,LA,662,OTHER
1976,MA,1429475,DEM
1976,MA,1030276,REP
1976,MA,65637,OTHER
1976,MA,8138,OTHER
1976,MA,7555,OTHER
1976,MA,4922,OTHER
1976,MA,1401,OTHER
1976,MA,135,LIB
1976,MA,19,OTHER
1980,MA,1057631,REP
1980,MA,1053802,DEM
1980,MA,382539,OTHER
1980,MA,22038,LIB
1980,MA,3735,OTHER
1980,MA,2289,OTHER
1980,MA,2056,OTHER
1984,MA,1310936,REP
1984,MA,1239606,DEM
1984,MA,7998,OTHER
1984,MA,843,OTHER
1988,MA,1401415,DEM
1988,MA,1194635,REP
1988,MA,24251,LIB
1988,MA,9561,OTHER
1988,MA,2939,OTHER
1992,MA,1318639,DEM
1992,MA,805039,REP
1992,MA,630731,OTHER
1992,MA,9021,LIB
1992,MA,3172,OTHER
1992,MA,2218,OTHER
1992,MA,1990,OTHER
1992,MA,1812,OTHER
1992,MA,1027,OTHER
1992,MA,13,OTHER
1992,MA,2,OTHER
1996,MA,1571509,DEM
1996,MA,718058,REP
1996,MA,227206,OTHER
1996,MA,20424,LIB
1996,MA,6180,OTHER
1996,MA,5183,OTHER
1996,MA,4623,OTHER
1996,MA,3276,OTHER
2000,MA,1616487,DEM
2000,MA,878502,REP
2000,MA,173564,OTHER
2000,MA,31022,OTHER
2000,MA,16366,LIB
2000,MA,11149,OTHER
2000,MA,3990,OTHER
2000,MA,2884,OTHER
2004,MA,1803800,DEM
2004,MA,1071109,REP
2004,MA,15067,OTHER
2004,MA,15022,LIB
2004,MA,10623,OTHER
2004,MA,7028,OTHER
2004,MA,4806,OTHER
2008,MA,1904097,DEM
2008,MA,1108854,REP
2008,MA,28841,OTHER
2008,MA,22010,OTHER
2008,MA,14483,OTHER
2008,MA,13189,LIB
2008,MA,6550,OTHER
2008,MA,4971,OTHER
2012,MA,1921290,DEM
2012,MA,1188314,REP
2012,MA,30920,LIB
2012,MA,20691,OTHER
2012,MA,16429,OTHER
2012,MA,6552,OTHER
2016,MA,1995196,DEM
2016,MA,1090893,REP
2016,MA,138018,LIB
2016,MA,53775,OTHER
2016,MA,50488,OTHER
2016,MA,47661,OTHER
2016,MA,2790,OTHER
2020,MA,2382202,DEM
2020,MA,1167202,REP
2020,MA,47013,LIB
2020,MA,18658,OTHER
2020,MA,26603,OTHER
2020,MA,16327,OTHER
1976,MD,759612,DEM
1976,MD,672661,REP
1980,MD,726161,DEM
1980,MD,680606,REP
1980,MD,119537,OTHER
1980,MD,14192,LIB
1984,MD,879918,REP
1984,MD,787935,DEM
1984,MD,5721,LIB
1984,MD,898,OTHER
1984,MD,745,OTHER
1984,MD,656,OTHER
1988,MD,876167,REP
1988,MD,826304,DEM
1988,MD,6748,LIB
1988,MD,5115,OTHER
1988,MD,24,OTHER
1992,MD,988571,DEM
1992,MD,707094,REP
1992,MD,281414,OTHER
1992,MD,4715,LIB
1992,MD,2786,OTHER
1996,MD,966207,DEM
1996,MD,681530,REP
1996,MD,115812,OTHER
1996,MD,8765,LIB
1996,MD,3402,OTHER
1996,MD,2637,OTHER
1996,MD,2517,OTHER
2000,MD,1144008,DEM
2000,MD,813827,REP
2000,MD,53768,OTHER
2000,MD,5310,LIB
2000,MD,4248,OTHER
2000,MD,1656,OTHER
2000,MD,1477,OTHER
2000,MD,918,OTHER
2004,MD,1334493,DEM
2004,MD,1024703,REP
2004,MD,11854,OTHER
2004,MD,6094,LIB
2004,MD,3632,OTHER
2004,MD,3421,OTHER
2004,MD,34,OTHER
2004,MD,7,DEM
2008,MD,1629467,DEM
2008,MD,959862,REP
2008,MD,14713,OTHER
2008,MD,9842,LIB
2008,MD,9205,OTHER
2008,MD,4747,OTHER
2008,MD,3760,OTHER
2012,MD,1677844,DEM
2012,MD,971869,REP
2012,MD,30195,LIB
2012,MD,17110,OTHER
2012,MD,10309,OTHER
2016,MD,1677928,DEM
2016,MD,943169,REP
2016,MD,79605,LIB
2016,MD,35945,OTHER
2016,MD,33263,OTHER
2016,MD,10921,OTHER
2016,MD,278,OTHER
2016,MD,259,REP
2016,MD,78,DEM
2020,MD,976414,REP
2020,MD,1985023,DEM
2020,MD,33488,LIB
2020,MD,15799,OTHER
2020,MD,5884,OTHER
2020,MD,8,OTHER
2020,MD,23,OTHER
2020,MD,4,OTHER
2020,MD,795,OTHER
2020,MD,11,OTHER
2020,MD,30,OTHER
2020,MD,10,OTHER
2020,MD,26,OTHER
2020,MD,11,OTHER
2020,MD,20,OTHER
2020,MD,1,OTHER
2020,MD,16,OTHER
2020,MD,6,OTHER
2020,MD,3,OTHER
2020,MD,131,OTHER
2020,MD,5,OTHER
2020,MD,1117,OTHER
2020,MD,125,OTHER
2020,MD,32,OTHER
2020,MD,3,OTHER
2020,MD,18045,OTHER
1976,ME,236320,REP
1976,ME,232279,DEM
1976,ME,10874,OTHER
1976,ME,3495,OTHER
1980,ME,238522,REP
1980,ME,220974,DEM
1980,ME,53327,OTHER
1980,ME,5119,LIB
1980,ME,4394,OTHER
1980,ME,591,OTHER
1980,ME,84,OTHER
1984,ME,336500,REP
1984,ME,214515,DEM
1984,ME,1292,OTHER
1984,ME,755,OTHER
1984,ME,82,OTHER
1988,ME,307131,REP
1988,ME,243569,DEM
1988,ME,2700,LIB
1988,ME,1405,OTHER
1988,ME,230,OTHER
1992,ME,263420,DEM
1992,ME,206820,OTHER
1992,ME,206504,REP
1992,ME,1681,LIB
1992,ME,519,OTHER
1992,ME,464,OTHER
1992,ME,91,OTHER
1996,ME,312788,DEM
1996,ME,186378,REP
1996,ME,85970,OTHER
1996,ME,15279,OTHER
1996,ME,2996,LIB
1996,ME,1517,OTHER
1996,ME,825,OTHER
1996,ME,144,OTHER
2000,ME,319951,DEM
2000,ME,286616,REP
2000,ME,37127,OTHER
2000,ME,4443,OTHER
2000,ME,3074,LIB
2000,ME,579,OTHER
2000,ME,27,OTHER
2004,ME,396842,DEM
2004,ME,330201,REP
2004,ME,8069,OTHER
2004,ME,2936,OTHER
2004,ME,1965,LIB
2004,ME,735,OTHER
2004,ME,4,OTHER
2008,ME,421923,DEM
2008,ME,295273,REP
2008,ME,10636,OTHER
2008,ME,2900,OTHER
2008,ME,431,OTHER
2012,ME,401306,DEM
2012,ME,292276,REP
2012,ME,11578,OTHER
2012,ME,9352,LIB
2012,ME,8119,OTHER
2012,ME,2127,OTHER
2016,ME,357735,DEM
2016,ME,335593,REP
2016,ME,38105,LIB
2016,ME,23965,OTHER
2016,ME,14251,OTHER
2016,ME,2243,OTHER
2020,ME,435072,DEM
2020,ME,14152,LIB
2020,ME,360737,REP
2020,ME,8230,OTHER
2020,ME,1183,OTHER
2020,ME,87,OTHER
2020,ME,8844,OTHER
1976,MI,1893742,REP
1976,MI,1696714,DEM
1976,MI,47905,OTHER
1976,MI,5407,LIB
1976,MI,3504,OTHER
1976,MI,1804,OTHER
1976,MI,1366,OTHER
1976,MI,1148,OTHER
1980,MI,1915225,REP
1980,MI,1661532,DEM
1980,MI,275223,OTHER
1980,MI,41597,LIB
1980,MI,11930,OTHER
1980,MI,3262,OTHER
1980,MI,956,OTHER
1984,MI,2251571,REP
1984,MI,1529638,DEM
1984,MI,10055,LIB
1984,MI,3862,OTHER
1984,MI,1416,OTHER
1984,MI,1191,OTHER
1984,MI,1049,OTHER
1984,MI,1048,OTHER
1984,MI,665,OTHER
1984,MI,602,OTHER
1984,MI,561,OTHER
1988,MI,1965486,REP
1988,MI,1675783,DEM
1988,MI,18336,LIB
1988,MI,7600,OTHER
1988,MI,1958,OTHER
1992,MI,1871182,DEM
1992,MI,1554940,REP
1992,MI,824813,OTHER
1992,MI,10175,LIB
1992,MI,8263,OTHER
1992,MI,2954,OTHER
1992,MI,1432,OTHER
1992,MI,914,OTHER
1996,MI,1989653,DEM
1996,MI,1481212,REP
1996,MI,336670,OTHER
1996,MI,27670,LIB
1996,MI,4678,OTHER
1996,MI,4254,OTHER
1996,MI,3153,OTHER
1996,MI,1554,OTHER
2000,MI,2170418,DEM
2000,MI,1953139,REP
2000,MI,84165,OTHER
2000,MI,16711,LIB
2000,MI,3791,OTHER
2000,MI,2426,OTHER
2000,MI,1851,OTHER
2004,MI,2479183,DEM
2004,MI,2313746,REP
2004,MI,24035,OTHER
2004,MI,10552,LIB
2004,MI,5325,OTHER
2004,MI,4980,OTHER
2004,MI,1431,OTHER
2008,MI,2872579,DEM
2008,MI,2048639,REP
2008,MI,33085,OTHER
2008,MI,23716,LIB
2008,MI,14685,OTHER
2008,MI,8892,OTHER
2012,MI,2564569,DEM
2012,MI,2115256,REP
2012,MI,21897,OTHER
2012,MI,16119,OTHER
2012,MI,7973,OTHER
2012,MI,5147,OTHER
2016,MI,2279543,REP
2016,MI,2268839,DEM
2016,MI,172136,LIB
2016,MI,51463,OTHER
2016,MI,16139,OTHER
2016,MI,8955,OTHER
2016,MI,2209,OTHER
2020,MI,2804040,DEM
2020,MI,2649852,REP
2020,MI,60381,LIB
2020,MI,7235,OTHER
2020,MI,13718,OTHER
2020,MI,2986,OTHER
2020,MI,963,OTHER
2020,MI,32,OTHER
2020,MI,1,OTHER
2020,MI,89,OTHER
2020,MI,5,OTHER
1976,MN,1070440,DEM
1976,MN,819395,REP
1976,MN,35490,OTHER
1976,MN,13592,OTHER
1976,MN,4149,OTHER
1976,MN,3529,LIB
1976,MN,1092,OTHER
1976,MN,635,OTHER
1976,MN,543,OTHER
1976,MN,370,OTHER
1976,MN,354,OTHER
1976,MN,342,OTHER
1980,MN,954173,DEM
1980,MN,873268,REP
1980,MN,174997,OTHER
1980,MN,31593,LIB
1980,MN,8406,OTHER
1980,MN,6136,OTHER
1980,MN,1117,OTHER
1980,MN,711,OTHER
1980,MN,698,OTHER
1980,MN,536,OTHER
1980,MN,281,OTHER
1984,MN,1036364,DEM
1984,MN,1032603,REP
1984,MN,3865,OTHER
1984,MN,3180,OTHER
1984,MN,2996,LIB
1984,MN,2377,OTHER
1984,MN,1219,OTHER
1984,MN,723,OTHER
1984,MN,630,OTHER
1984,MN,260,OTHER
1984,MN,232,OTHER
1988,MN,1109471,DEM
1988,MN,962337,REP
1988,MN,5403,OTHER
1988,MN,5109,LIB
1988,MN,3614,OTHER
1988,MN,2155,OTHER
1988,MN,1949,OTHER
1988,MN,1734,OTHER
1988,MN,1702,OTHER
1988,MN,1529,OTHER
1988,MN,1298,OTHER
1988,MN,489,OTHER
1992,MN,1020997,DEM
1992,MN,747841,REP
1992,MN,562506,OTHER
1992,MN,3374,LIB
1992,MN,3363,OTHER
1992,MN,2659,OTHER
1992,MN,2499,OTHER
1992,MN,1406,OTHER
1992,MN,990,OTHER
1992,MN,958,OTHER
1992,MN,733,OTHER
1992,MN,622,OTHER
1996,MN,1120380,DEM
1996,MN,766395,REP
1996,MN,257698,OTHER
1996,MN,24906,OTHER
1996,MN,8271,LIB
1996,MN,4898,OTHER
1996,MN,3415,OTHER
1996,MN,2903,OTHER
1996,MN,1808,OTHER
1996,MN,787,OTHER
1996,MN,684,OTHER
1996,MN,347,OTHER
2000,MN,1168266,DEM
2000,MN,1109659,REP
2000,MN,126696,OTHER
2000,MN,22166,OTHER
2000,MN,5282,LIB
2000,MN,3272,OTHER
2000,MN,2294,OTHER
2000,MN,1022,OTHER
2000,MN,28,OTHER
2004,MN,1445014,DEM
2004,MN,1346695,REP
2004,MN,18683,OTHER
2004,MN,4639,LIB
2004,MN,4408,OTHER
2004,MN,3074,OTHER
2004,MN,2532,OTHER
2004,MN,2387,OTHER
2004,MN,539,OTHER
2004,MN,416,OTHER
2008,MN,1573354,DEM
2008,MN,1275409,REP
2008,MN,30152,OTHER
2008,MN,9529,OTHER
2008,MN,9174,LIB
2008,MN,6787,OTHER
2008,MN,5174,OTHER
2008,MN,790,OTHER
2012,MN,1546167,DEM
2012,MN,1320225,REP
2012,MN,35098,LIB
2012,MN,13023,OTHER
2012,MN,10641,OTHER
2012,MN,3722,OTHER
2012,MN,3149,OTHER
2012,MN,1996,OTHER
2012,MN,1092,OTHER
2012,MN,1051,OTHER
2012,MN,397,OTHER
2016,MN,1367705,DEM
2016,MN,1322949,REP
2016,MN,112972,LIB
2016,MN,53075,OTHER
2016,MN,36986,OTHER
2016,MN,27247,OTHER
2016,MN,11291,OTHER
2016,MN,9456,OTHER
2016,MN,1671,OTHER
2016,MN,1430,OTHER
2020,MN,1484065,REP
2020,MN,1717077,DEM
2020,MN,5611,OTHER
2020,MN,10033,OTHER
2020,MN,7940,OTHER
2020,MN,5651,OTHER
2020,MN,1210,OTHER
2020,MN,643,OTHER
2020,MN,34976,LIB
2020,MN,9965,OTHER
1976,MO,998387,DEM
1976,MO,927443,REP
1976,MO,24029,OTHER
1976,MO,3741,OTHER
1980,MO,1074181,REP
1980,MO,931182,DEM
1980,MO,77920,OTHER
1980,MO,14422,LIB
1980,MO,1515,OTHER
1980,MO,604,OTHER
1984,MO,1274188,REP
1984,MO,848583,DEM
1988,MO,1084953,REP
1988,MO,1001619,DEM
1988,MO,6656,OTHER
1992,MO,1053873,DEM
1992,MO,811159,REP
1992,MO,518741,OTHER
1992,MO,7497,LIB
1996,MO,1025935,DEM
1996,MO,890016,REP
1996,MO,217188,OTHER
1996,MO,11521,OTHER
1996,MO,10522,LIB
1996,MO,2287,OTHER
1996,MO,596,OTHER
2000,MO,1189924,REP
2000,MO,1111138,DEM
2000,MO,38515,OTHER
2000,MO,9818,OTHER
2000,MO,7436,LIB
2000,MO,1957,OTHER
2000,MO,1104,OTHER
2004,MO,1455713,REP
2004,MO,1259171,DEM
2004,MO,9831,LIB
2004,MO,5355,OTHER
2004,MO,1294,OTHER
2008,MO,1445814,REP
2008,MO,1441911,DEM
2008,MO,17813,OTHER
2008,MO,11386,LIB
2008,MO,8201,OTHER
2008,MO,80,OTHER
2012,MO,1482440,REP
2012,MO,1223796,DEM
2012,MO,43151,LIB
2012,MO,7936,OTHER
2016,MO,1594511,REP
2016,MO,1071068,DEM
2016,MO,97359,LIB
2016,MO,25419,OTHER
2016,MO,13092,OTHER
2016,MO,7156,OTHER
2020,MO,1718736,REP
2020,MO,1253014,DEM
2020,MO,41205,LIB
2020,MO,8283,OTHER
2020,MO,3919,OTHER
2020,MO,0,OTHER
2020,MO,3,OTHER
2020,MO,74,OTHER
2020,MO,664,OTHER
2020,MO,64,OTHER
1976,MS,381329,DEM
1976,MS,366846,REP
1976,MS,6678,OTHER
1976,MS,4074,OTHER
1976,MS,4049,OTHER
1976,MS,2805,OTHER
1976,MS,2609,LIB
1980,MS,441089,REP
1980,MS,429281,DEM
1980,MS,12036,OTHER
1980,MS,4702,LIB
1980,MS,2402,OTHER
1980,MS,2240,OTHER
1984,MS,582377,REP
1984,MS,352192,DEM
1984,MS,2336,LIB
1984,MS,1169,OTHER
1984,MS,1032,OTHER
1984,MS,1001,OTHER
1984,MS,641,OTHER
1984,MS,356,OTHER
1988,MS,557890,REP
1988,MS,363921,DEM
1988,MS,6387,OTHER
1988,MS,3329,LIB
1992,MS,487793,REP
1992,MS,400258,DEM
1992,MS,85626,OTHER
1992,MS,4310,OTHER
1992,MS,2154,LIB
1992,MS,1652,OTHER
1996,MS,439838,REP
1996,MS,394022,DEM
1996,MS,53427,OTHER
1996,MS,2809,LIB
1996,MS,2314,OTHER
1996,MS,1447,OTHER
2000,MS,572844,REP
2000,MS,404614,DEM
2000,MS,8735,OTHER
2000,MS,3267,OTHER
2000,MS,2265,OTHER
2000,MS,2009,LIB
2000,MS,450,OTHER
2004,MS,672660,REP
2004,MS,457766,DEM
2004,MS,3175,OTHER
2004,MS,1793,LIB
2004,MS,1758,OTHER
2004,MS,1599,OTHER
2004,MS,1073,OTHER
2008,MS,724597,REP
2008,MS,554662,DEM
2008,MS,4011,OTHER
2008,MS,2551,OTHER
2008,MS,2529,LIB
2008,MS,1034,OTHER
2008,MS,481,OTHER
2012,MS,710746,REP
2012,MS,562949,DEM
2012,MS,6676,LIB
2012,MS,2609,OTHER
2012,MS,1588,OTHER
2012,MS,1016,OTHER
2016,MS,700714,REP
2016,MS,485131,DEM
2016,MS,14435,LIB
2016,MS,3987,OTHER
2016,MS,3731,OTHER
2016,MS,715,OTHER
2016,MS,644,OTHER
2020,MS,539398,DEM
2020,MS,756764,REP
2020,MS,1279,OTHER
2020,MS,1161,OTHER
2020,MS,1317,OTHER
2020,MS,1498,OTHER
2020,MS,8026,LIB
2020,MS,659,OTHER
2020,MS,3657,OTHER
1976,MT,173703,REP
1976,MT,149259,DEM
1976,MT,5772,OTHER
1980,MT,206814,REP
1980,MT,118032,DEM
1980,MT,29281,OTHER
1980,MT,9825,LIB
1984,MT,232450,REP
1984,MT,146742,DEM
1984,MT,5185,LIB
1988,MT,190412,REP
1988,MT,168936,DEM
1988,MT,5047,LIB
1988,MT,1279,OTHER
1992,MT,154507,DEM
1992,MT,144207,REP
1992,MT,107225,OTHER
1992,MT,3658,OTHER
1992,MT,986,LIB
1996,MT,179652,REP
1996,MT,167922,DEM
1996,MT,55229,OTHER
1996,MT,2526,LIB
1996,MT,1754,OTHER
2000,MT,240178,REP
2000,MT,137126,DEM
2000,MT,24437,OTHER
2000,MT,5697,OTHER
2000,MT,1718,LIB
2000,MT,1155,OTHER
2000,MT,675,OTHER
2004,MT,266063,REP
2004,MT,173710,DEM
2004,MT,6168,OTHER
2004,MT,1764,OTHER
2004,MT,1733,LIB
2004,MT,996,OTHER
2008,MT,242763,REP
2008,MT,231667,DEM
2008,MT,10638,OTHER
2008,MT,3686,OTHER
2008,MT,1355,LIB
2012,MT,267928,REP
2012,MT,201839,DEM
2012,MT,14165,LIB
2012,MT,116,OTHER
2016,MT,279240,REP
2016,MT,177709,DEM
2016,MT,28037,LIB
2016,MT,7970,OTHER
2016,MT,1570,OTHER
2020,MT,15252,LIB
2020,MT,343602,REP
2020,MT,244786,DEM
2020,MT,2,OTHER
2020,MT,6,OTHER
2020,MT,23,OTHER
2020,MT,3,OTHER
1976,NC,927365,DEM
1976,NC,741960,REP
1976,NC,5607,OTHER
1976,NC,2219,LIB
1976,NC,755,OTHER
1980,NC,915018,REP
1980,NC,875635,DEM
1980,NC,52800,OTHER
1980,NC,9677,LIB
1980,NC,2287,OTHER
1980,NC,416,OTHER
1984,NC,1346481,REP
1984,NC,824287,DEM
1984,NC,3794,LIB
1984,NC,799,OTHER
1988,NC,1237258,REP
1988,NC,890167,DEM
1988,NC,5682,OTHER
1988,NC,1263,OTHER
1992,NC,1134661,REP
1992,NC,1114042,DEM
1992,NC,357864,OTHER
1992,NC,5171,LIB
1992,NC,59,OTHER
1992,NC,41,OTHER
1992,NC,12,OTHER
1996,NC,1225938,REP
1996,NC,1107849,DEM
1996,NC,168059,OTHER
1996,NC,8740,LIB
1996,NC,2771,OTHER
1996,NC,2450,OTHER
2000,NC,1631163,REP
2000,NC,1257692,DEM
2000,NC,13891,LIB
2000,NC,8874,OTHER
2000,NC,3370,OTHER
2004,NC,1961166,REP
2004,NC,1525849,DEM
2004,NC,11731,LIB
2004,NC,2261,OTHER
2008,NC,2142651,DEM
2008,NC,2128474,REP
2008,NC,25722,LIB
2008,NC,12494,OTHER
2008,NC,1510,OTHER
2012,NC,2270395,REP
2012,NC,2178391,DEM
2012,NC,44515,LIB
2012,NC,12071,OTHER
2016,NC,2362631,REP
2016,NC,2189316,DEM
2016,NC,130126,LIB
2016,NC,47386,OTHER
2016,NC,12105,OTHER
2020,NC,2758773,REP
2020,NC,2684292,DEM
2020,NC,48678,LIB
2020,NC,12195,OTHER
2020,NC,7549,OTHER
2020,NC,119,OTHER
2020,NC,13196,OTHER
1976,ND,153684,REP
1976,ND,136078,DEM
1976,ND,3698,OTHER
1976,ND,2952,OTHER
1976,ND,269,OTHER
1976,ND,256,LIB
1976,ND,142,OTHER
1976,ND,85,OTHER
1976,ND,63,OTHER
1976,ND,43,OTHER
1976,ND,38,OTHER
1980,ND,193695,REP
1980,ND,79189,DEM
1980,ND,23640,OTHER
1980,ND,3743,LIB
1980,ND,296,OTHER
1980,ND,235,OTHER
1980,ND,93,OTHER
1980,ND,89,OTHER
1980,ND,82,OTHER
1980,ND,54,OTHER
1984,ND,200336,REP
1984,ND,104429,DEM
1984,ND,1278,OTHER
1984,ND,1077,OTHER
1984,ND,703,LIB
1984,ND,368,OTHER
1984,ND,239,OTHER
1984,ND,220,OTHER
1984,ND,169,OTHER
1984,ND,152,OTHER
1988,ND,166559,REP
1988,ND,127739,DEM
1988,ND,1315,LIB
1988,ND,905,OTHER
1988,ND,396,OTHER
1988,ND,347,OTHER
1992,ND,136244,REP
1992,ND,99168,DEM
1992,ND,71084,OTHER
1992,ND,1637,OTHER
1996,ND,125050,REP
1996,ND,106905,DEM
1996,ND,32515,OTHER
1996,ND,847,LIB
1996,ND,745,OTHER
1996,ND,349,OTHER
2000,ND,174852,REP
2000,ND,95284,DEM
2000,ND,10459,OTHER
2000,ND,7288,OTHER
2000,ND,373,OTHER
2004,ND,196651,REP
2004,ND,111052,DEM
2004,ND,3756,OTHER
2004,ND,851,LIB
2004,ND,514,OTHER
2004,ND,9,OTHER
2008,ND,168601,REP
2008,ND,141278,DEM
2008,ND,4189,OTHER
2008,ND,1354,LIB
2008,ND,1199,OTHER
2012,ND,188320,REP
2012,ND,124966,DEM
2012,ND,5238,LIB
2012,ND,1860,OTHER
2012,ND,1186,OTHER
2012,ND,1362,OTHER
2016,ND,216794,REP
2016,ND,93758,DEM
2016,ND,21434,LIB
2016,ND,6397,OTHER
2016,ND,3780,OTHER
2016,ND,1833,OTHER
2016,ND,364,OTHER
2020,ND,235595,REP
2020,ND,114902,DEM
2020,ND,9393,LIB
2020,ND,1929,OTHER
1976,NE,359219,REP
1976,NE,233293,DEM
1976,NE,9383,OTHER
1976,NE,3378,OTHER
1976,NE,1476,LIB
1980,NE,419214,REP
1980,NE,166424,DEM
1980,NE,44854,OTHER
1980,NE,9041,LIB
1984,NE,460054,REP
1984,NE,187866,DEM
1984,NE,2079,LIB
1984,NE,1066,OTHER
1984,NE,1025,OTHER
1988,NE,397956,REP
1988,NE,259235,DEM
1988,NE,2534,LIB
1988,NE,1740,OTHER
1992,NE,343678,REP
1992,NE,216864,DEM
1992,NE,174104,OTHER
1992,NE,1560,OTHER
1992,NE,1340,LIB
1996,NE,363467,REP
1996,NE,236761,DEM
1996,NE,71278,OTHER
1996,NE,2792,LIB
1996,NE,1928,OTHER
1996,NE,1189,OTHER
2000,NE,433862,REP
2000,NE,231780,DEM
2000,NE,24540,OTHER
2000,NE,4114,OTHER
2000,NE,2245,LIB
2000,NE,478,OTHER
2004,NE,512814,REP
2004,NE,254328,DEM
2004,NE,5780,OTHER
2004,NE,2041,LIB
2004,NE,1314,OTHER
2004,NE,978,OTHER
2004,NE,931,OTHER
2008,NE,452979,REP
2008,NE,333319,DEM
2008,NE,5406,OTHER
2008,NE,2972,OTHER
2008,NE,2837,OTHER
2008,NE,2740,LIB
2008,NE,1028,OTHER
2012,NE,475064,REP
2012,NE,302081,DEM
2012,NE,11109,LIB
2012,NE,3717,OTHER
2012,NE,2408,OTHER
2016,NE,495961,REP
2016,NE,284494,DEM
2016,NE,38946,LIB
2016,NE,16051,OTHER
2016,NE,8775,OTHER
2020,NE,556846,REP
2020,NE,374583,DEM
2020,NE,20283,LIB
2020,NE,4671,OTHER
1976,NH,185935,REP
1976,NH,147645,DEM
1976,NH,4095,OTHER
1976,NH,936,LIB
1976,NH,603,OTHER
1976,NH,186,OTHER
1976,NH,161,OTHER
1976,NH,66,OTHER
1980,NH,221705,REP
1980,NH,108864,DEM
1980,NH,49693,OTHER
1980,NH,2064,LIB
1980,NH,1320,OTHER
1980,NH,129,OTHER
1980,NH,76,OTHER
1980,NH,71,OTHER
1980,NH,68,OTHER
1984,NH,267050,REP
1984,NH,120347,DEM
1984,NH,735,LIB
1984,NH,467,OTHER
1984,NH,305,OTHER
1988,NH,281537,REP
1988,NH,163696,DEM
1988,NH,4502,LIB
1988,NH,790,OTHER
1992,NH,209040,DEM
1992,NH,202484,REP
1992,NH,121337,OTHER
1992,NH,3548,LIB
1992,NH,512,OTHER
1992,NH,294,OTHER
1996,NH,246166,DEM
1996,NH,196486,REP
1996,NH,48387,OTHER
1996,NH,4214,LIB
1996,NH,1344,OTHER
2000,NH,273559,REP
2000,NH,266348,DEM
2000,NH,22198,OTHER
2000,NH,2757,LIB
2000,NH,2615,OTHER
2000,NH,1276,OTHER
2000,NH,328,OTHER
2004,NH,340511,DEM
2004,NH,331237,REP
2004,NH,4479,OTHER
2004,NH,1095,OTHER
2004,NH,965,OTHER
2008,NH,384826,DEM
2008,NH,316534,REP
2008,NH,3503,OTHER
2008,NH,3359,OTHER
2008,NH,2748,LIB
2012,NH,369561,DEM
2012,NH,329918,REP
2012,NH,8212,LIB
2012,NH,1698,OTHER
2012,NH,875,OTHER
2012,NH,708,OTHER
2016,NH,348526,DEM
2016,NH,345790,REP
2016,NH,30777,LIB
2016,NH,9618,OTHER
2016,NH,6496,OTHER
2016,NH,2411,OTHER
2016,NH,678,OTHER
2020,NH,13235,LIB
2020,NH,365654,REP
2020,NH,424921,DEM
2020,NH,47,OTHER
2020,NH,14,OTHER
2020,NH,142,OTHER
2020,NH,217,OTHER
2020,NH,10,OTHER
2020,NH,67,OTHER
2020,NH,19,OTHER
2020,NH,10,OTHER
2020,NH,13,OTHER
2020,NH,56,OTHER
2020,NH,12,OTHER
2020,NH,170,OTHER
2020,NH,192,OTHER
2020,NH,14,OTHER
2020,NH,46,OTHER
2020,NH,22,OTHER
2020,NH,23,OTHER
2020,NH,82,OTHER
2020,NH,58,OTHER
2020,NH,1158,OTHER
1976,NJ,1509688,REP
1976,NJ,1444653,DEM
1976,NJ,32717,OTHER
1976,NJ,9449,LIB
1976,NJ,7716,OTHER
1976,NJ,3686,OTHER
1976,NJ,1662,OTHER
1976,NJ,1650,OTHER
1976,NJ,1184,OTHER
1976,NJ,1044,OTHER
1976,NJ,554,OTHER
1976,NJ,469,OTHER
1980,NJ,1546557,REP
1980,NJ,1147364,DEM
1980,NJ,234632,OTHER
1980,NJ,20652,LIB
1980,NJ,8203,OTHER
1980,NJ,3927,OTHER
1980,NJ,3694,OTHER
1980,NJ,2555,OTHER
1980,NJ,2198,OTHER
1980,NJ,1973,OTHER
1980,NJ,1718,OTHER
1980,NJ,1288,OTHER
1980,NJ,923,OTHER
1984,NJ,1933630,REP
1984,NJ,1261323,DEM
1984,NJ,8404,OTHER
1984,NJ,6416,LIB
1984,NJ,2293,OTHER
1984,NJ,1721,OTHER
1984,NJ,1564,OTHER
1984,NJ,1264,OTHER
1984,NJ,1247,OTHER
1988,NJ,1743192,REP
1988,NJ,1320352,DEM
1988,NJ,9953,OTHER
1988,NJ,8421,LIB
1988,NJ,5139,OTHER
1988,NJ,3454,OTHER
1988,NJ,2587,OTHER
1988,NJ,2446,OTHER
1988,NJ,2298,OTHER
1988,NJ,1020,OTHER
1988,NJ,691,OTHER
1992,NJ,1436206,DEM
1992,NJ,1356865,REP
1992,NJ,521829,OTHER
1992,NJ,6822,LIB
1992,NJ,4749,OTHER
1992,NJ,3513,OTHER
1992,NJ,2670,OTHER
1992,NJ,2095,OTHER
1992,NJ,2011,OTHER
1992,NJ,1996,OTHER
1992,NJ,1867,OTHER
1992,NJ,1618,OTHER
1992,NJ,1353,OTHER
1996,NJ,1652361,DEM
1996,NJ,1103099,REP
1996,NJ,320400,OTHER
2000,NJ,1788850,DEM
2000,NJ,1284173,REP
2000,NJ,114203,OTHER
2004,NJ,1911430,DEM
2004,NJ,1670003,REP
2004,NJ,30258,OTHER
2008,NJ,2215422,DEM
2008,NJ,1613207,REP
2008,NJ,21298,OTHER
2008,NJ,8441,LIB
2008,NJ,3956,OTHER
2008,NJ,3636,OTHER
2008,NJ,699,OTHER
2008,NJ,639,OTHER
2008,NJ,523,OTHER
2008,NJ,416,OTHER
2012,NJ,2122786,DEM
2012,NJ,1478088,REP
2012,NJ,21035,LIB
2012,NJ,9886,OTHER
2012,NJ,2063,OTHER
2012,NJ,1723,OTHER
2012,NJ,1024,OTHER
2012,NJ,709,OTHER
2012,NJ,664,OTHER
2012,NJ,521,OTHER
2016,NJ,2148278,DEM
2016,NJ,1601933,REP
2016,NJ,72477,LIB
2016,NJ,37772,OTHER
2016,NJ,6161,OTHER
2016,NJ,2156,OTHER
2016,NJ,1838,OTHER
2016,NJ,1749,OTHER
2016,NJ,1682,OTHER
2020,NJ,1883274,REP
2020,NJ,2608335,DEM
2020,NJ,31677,LIB
2020,NJ,14202,OTHER
2020,NJ,3255,OTHER
2020,NJ,2954,OTHER
2020,NJ,2928,OTHER
2020,NJ,2728,OTHER
1976,NM,211419,REP
1976,NM,201148,DEM
1976,NM,2462,OTHER
1976,NM,1110,LIB
1976,NM,240,OTHER
1976,NM,211,OTHER
1980,NM,250779,REP
1980,NM,167826,DEM
1980,NM,29459,OTHER
1980,NM,4365,LIB
1980,NM,2202,OTHER
1980,NM,1281,OTHER
1980,NM,325,OTHER
1984,NM,307101,REP
1984,NM,201769,DEM
1984,NM,4459,LIB
1984,NM,455,OTHER
1984,NM,224,OTHER
1984,NM,206,OTHER
1984,NM,155,OTHER
1984,NM,1,OTHER
1988,NM,270341,REP
1988,NM,244497,DEM
1988,NM,3368,LIB
1988,NM,2237,OTHER
1988,NM,344,OTHER
1988,NM,258,OTHER
1988,NM,249,OTHER
1988,NM,93,OTHER
1992,NM,261617,DEM
1992,NM,212824,REP
1992,NM,91895,OTHER
1992,NM,1615,LIB
1992,NM,620,OTHER
1992,NM,562,OTHER
1992,NM,369,OTHER
1992,NM,183,OTHER
1992,NM,181,OTHER
1992,NM,120,OTHER
1996,NM,273495,DEM
1996,NM,232751,REP
1996,NM,32257,OTHER
1996,NM,13218,OTHER
1996,NM,2996,LIB
1996,NM,713,OTHER
1996,NM,644,OTHER
2000,NM,286783,DEM
2000,NM,286417,REP
2000,NM,21251,OTHER
2000,NM,2058,LIB
2000,NM,1392,OTHER
2000,NM,361,OTHER
2000,NM,343,OTHER
2004,NM,376930,REP
2004,NM,370942,DEM
2004,NM,4053,OTHER
2004,NM,2382,LIB
2004,NM,1226,OTHER
2004,NM,771,OTHER
2008,NM,472422,DEM
2008,NM,346832,REP
2008,NM,5327,OTHER
2008,NM,2428,LIB
2008,NM,1597,OTHER
2008,NM,1552,OTHER
2012,NM,415335,DEM
2012,NM,335788,REP
2012,NM,27788,LIB
2012,NM,2691,OTHER
2012,NM,1174,OTHER
2012,NM,982,OTHER
2016,NM,385234,DEM
2016,NM,319667,REP
2016,NM,74541,LIB
2016,NM,9879,OTHER
2016,NM,5825,OTHER
2016,NM,1514,OTHER
2016,NM,1184,OTHER
2016,NM,475,OTHER
2020,NM,4426,OTHER
2020,NM,12585,LIB
2020,NM,501614,DEM
2020,NM,1806,OTHER
2020,NM,401894,REP
2020,NM,1640,OTHER
1976,NV,101273,REP
1976,NV,92479,DEM
1976,NV,5108,OTHER
1976,NV,1519,LIB
1976,NV,1497,OTHER
1980,NV,155017,REP
1980,NV,66666,DEM
1980,NV,17651,OTHER
1980,NV,4358,LIB
1984,NV,188770,REP
1984,NV,91655,DEM
1984,NV,2292,LIB
1988,NV,206040,REP
1988,NV,132738,DEM
1988,NV,3520,LIB
1988,NV,835,OTHER
1992,NV,189148,DEM
1992,NV,175828,REP
1992,NV,132580,OTHER
1992,NV,2892,OTHER
1992,NV,2537,OTHER
1992,NV,1835,LIB
1992,NV,677,OTHER
1992,NV,483,OTHER
1992,NV,338,OTHER
1996,NV,203974,DEM
1996,NV,199244,REP
1996,NV,43986,OTHER
1996,NV,5608,OTHER
1996,NV,4730,OTHER
1996,NV,4460,LIB
1996,NV,1732,OTHER
1996,NV,545,OTHER
2000,NV,301575,REP
2000,NV,279978,DEM
2000,NV,15008,OTHER
2000,NV,4747,OTHER
2000,NV,3315,OTHER
2000,NV,3311,LIB
2000,NV,621,OTHER
2000,NV,415,OTHER
2000,NV,282,OTHER
2000,NV,174,OTHER
2004,NV,418690,REP
2004,NV,397190,DEM
2004,NV,4838,OTHER
2004,NV,3688,OTHER
2004,NV,3176,LIB
2004,NV,1152,OTHER
2004,NV,853,OTHER
2008,NV,533736,DEM
2008,NV,412827,REP
2008,NV,6267,OTHER
2008,NV,6150,OTHER
2008,NV,4263,LIB
2008,NV,3194,OTHER
2008,NV,1411,OTHER
2012,NV,531373,DEM
2012,NV,463567,REP
2012,NV,10968,LIB
2012,NV,5770,OTHER
2012,NV,3240,OTHER
2016,NV,539260,DEM
2016,NV,512058,REP
2016,NV,37384,LIB
2016,NV,28863,OTHER
2016,NV,5268,OTHER
2016,NV,2552,OTHER
2020,NV,14783,LIB
2020,NV,669890,REP
2020,NV,703486,DEM
2020,NV,3138,OTHER
2020,NV,14079,OTHER
1976,NY,3244165,DEM
1976,NY,2825913,REP
1976,NY,274878,OTHER
1976,NY,145393,OTHER
1976,NY,143037,OTHER
1976,NY,12197,OTHER
1976,NY,10270,OTHER
1976,NY,6996,OTHER
1976,NY,5413,OTHER
1980,NY,2728372,DEM
1980,NY,2637700,REP
1980,NY,467801,OTHER
1980,NY,256131,OTHER
1980,NY,52648,OTHER
1980,NY,24159,OTHER
1980,NY,23186,OTHER
1980,NY,7414,OTHER
1980,NY,2068,OTHER
1980,NY,1416,OTHER
1980,NY,1064,OTHER
1984,NY,3376519,REP
1984,NY,3001285,DEM
1984,NY,288244,OTHER
1984,NY,118324,OTHER
1984,NY,11949,LIB
1984,NY,4226,OTHER
1984,NY,3200,OTHER
1984,NY,2226,OTHER
1984,NY,837,OTHER
1988,NY,3255487,DEM
1988,NY,2838414,REP
1988,NY,243457,OTHER
1988,NY,92395,OTHER
1988,NY,20497,OTHER
1988,NY,15845,OTHER
1988,NY,12109,LIB
1988,NY,4179,OTHER
1988,NY,3287,OTHER
1988,NY,13,OTHER
1992,NY,3346894,DEM
1992,NY,2041690,REP
1992,NY,1090721,OTHER
1992,NY,177000,OTHER
1992,NY,152951,OTHER
1992,NY,127959,OTHER
1992,NY,97556,OTHER
1992,NY,15472,OTHER
1992,NY,13451,LIB
1992,NY,11318,OTHER
1992,NY,4420,OTHER
1996,NY,3649630,DEM
1996,NY,1738707,REP
1996,NY,503458,OTHER
1996,NY,183392,OTHER
1996,NY,123000,OTHER
1996,NY,106547,OTHER
1996,NY,75956,OTHER
1996,NY,23580,OTHER
1996,NY,12220,LIB
1996,NY,11393,OTHER
1996,NY,5011,OTHER
1996,NY,3473,OTHER
1996,NY,2762,OTHER
2000,NY,3942215,DEM
2000,NY,2258577,REP
2000,NY,244030,OTHER
2000,NY,144797,OTHER
2000,NY,138216,OTHER
2000,NY,88395,OTHER
2000,NY,77087,OTHER
2000,NY,25175,OTHER
2000,NY,24361,OTHER
2000,NY,7649,LIB
2000,NY,6424,OTHER
2000,NY,1789,OTHER
2000,NY,1498,OTHER
2000,NY,2,OTHER
2004,NY,4180755,DEM
2004,NY,2806993,REP
2004,NY,155574,OTHER
2004,NY,133525,OTHER
2004,NY,84247,OTHER
2004,NY,57230,OTHER
2004,NY,15626,OTHER
2004,NY,11607,LIB
2004,NY,2405,OTHER
2004,NY,304,OTHER
2008,NY,4645332,DEM
2008,NY,2418323,REP
2008,NY,170475,OTHER
2008,NY,163973,OTHER
2008,NY,159613,OTHER
2008,NY,84701,OTHER
2008,NY,41249,OTHER
2008,NY,19596,LIB
2008,NY,12801,OTHER
2008,NY,3615,OTHER
2008,NY,1639,OTHER
2008,NY,702,OTHER
2012,NY,4324228,DEM
2012,NY,2223397,REP
2012,NY,262035,OTHER
2012,NY,147643,OTHER
2012,NY,63881,OTHER
2012,NY,47092,LIB
2012,NY,39856,OTHER
2012,NY,6270,OTHER
2012,NY,2039,OTHER
2012,NY,343,OTHER
2016,NY,4379789,DEM
2016,NY,2527142,REP
2016,NY,292392,OTHER
2016,NY,140041,OTHER
2016,NY,119156,OTHER
2016,NY,107934,OTHER
2016,NY,77179,OTHER
2016,NY,57442,LIB
2016,NY,48447,OTHER
2016,NY,36294,OTHER
2016,NY,12816,OTHER
2016,NY,3452,OTHER
2020,NY,5230985,DEM
2020,NY,3244798,REP
2020,NY,32753,OTHER
2020,NY,60234,LIB
2020,NY,22587,OTHER
2020,NY,805,OTHER
2020,NY,376,OTHER
2020,NY,3,OTHER
2020,NY,2,OTHER
2020,NY,6,OTHER
2020,NY,9,OTHER
2020,NY,13,OTHER
2020,NY,155,OTHER
2020,NY,20,OTHER
2020,NY,28,OTHER
2020,NY,3,OTHER
2020,NY,1897,OTHER
2020,NY,43,OTHER
2020,NY,2,OTHER
2020,NY,98,OTHER
2020,NY,8,OTHER
2020,NY,1,OTHER
2020,NY,43541,OTHER
2020,NY,23368,OTHER
1976,OH,2009959,DEM
1976,OH,2000626,REP
1976,OH,58267,OTHER
1976,OH,15508,OTHER
1976,OH,8952,LIB
1976,OH,7817,OTHER
1976,OH,4833,OTHER
1976,OH,4364,OTHER
1976,OH,68,OTHER
1976,OH,62,OTHER
1980,OH,2206545,REP
1980,OH,1752414,DEM
1980,OH,254472,OTHER
1980,OH,49033,LIB
1980,OH,8564,OTHER
1980,OH,4729,OTHER
1980,OH,4029,OTHER
1980,OH,3790,OTHER
1980,OH,27,OTHER
1984,OH,2678559,REP
1984,OH,1825440,DEM
1984,OH,24180,OTHER
1984,OH,10693,OTHER
1984,OH,7130,OTHER
1984,OH,5886,LIB
1984,OH,4438,OTHER
1984,OH,4344,OTHER
1984,OH,2565,OTHER
1988,OH,2416549,REP
1988,OH,1939629,DEM
1988,OH,12017,OTHER
1988,OH,11926,LIB
1988,OH,7713,OTHER
1988,OH,5401,OTHER
1988,OH,350,OTHER
1992,OH,1984942,DEM
1992,OH,1894310,REP
1992,OH,1036426,OTHER
1992,OH,24247,OTHER
1992,OH,42,OTHER
1996,OH,2148222,DEM
1996,OH,1859883,REP
1996,OH,483207,OTHER
1996,OH,12851,LIB
1996,OH,10813,OTHER
1996,OH,9120,OTHER
1996,OH,7361,OTHER
1996,OH,2962,OTHER
1996,OH,15,OTHER
2000,OH,2350363,REP
2000,OH,2183628,DEM
2000,OH,148353,OTHER
2000,OH,13473,LIB
2000,OH,6181,OTHER
2004,OH,2859764,REP
2004,OH,2741165,DEM
2004,OH,26616,OTHER
2004,OH,358,OTHER
2008,OH,2940044,DEM
2008,OH,2677820,REP
2008,OH,46242,OTHER
2008,OH,19917,LIB
2008,OH,12565,OTHER
2008,OH,8518,OTHER
2008,OH,2735,OTHER
2008,OH,509,OTHER
2012,OH,2827621,DEM
2012,OH,2661407,REP
2012,OH,49493,LIB
2012,OH,18574,OTHER
2012,OH,12502,OTHER
2012,OH,8151,OTHER
2012,OH,2967,OTHER
2012,OH,107,OTHER
2016,OH,2841005,REP
2016,OH,2394164,DEM
2016,OH,198733,OTHER
2016,OH,46271,OTHER
2016,OH,16314,OTHER
2020,OH,3154834,REP
2020,OH,2679165,DEM
2020,OH,67569,LIB
2020,OH,3,OTHER
2020,OH,1450,OTHER
2020,OH,18812,OTHER
2020,OH,114,OTHER
2020,OH,27,OTHER
2020,OH,212,OTHER
2020,OH,16,OTHER
1976,OK,545708,REP
1976,OK,532442,DEM
1976,OK,14101,OTHER
1980,OK,695570,REP
1980,OK,402026,DEM
1980,OK,38284,OTHER
1980,OK,13828,LIB
1984,OK,861530,REP
1984,OK,385080,DEM
1984,OK,9066,LIB
1988,OK,678367,REP
1988,OK,483423,DEM
1988,OK,6261,LIB
1988,OK,2985,OTHER
1992,OK,592929,REP
1992,OK,473066,DEM
1992,OK,319878,OTHER
1992,OK,4486,LIB
1996,OK,582315,REP
1996,OK,488105,DEM
1996,OK,130788,OTHER
1996,OK,5505,LIB
2000,OK,744337,REP
2000,OK,474276,DEM
2000,OK,9014,OTHER
2000,OK,6602,LIB
2004,OK,959792,REP
2004,OK,503966,DEM
2008,OK,960165,REP
2008,OK,502496,DEM
2012,OK,891325,REP
2012,OK,443547,DEM
2016,OK,949136,REP
2016,OK,420375,DEM
2016,OK,83481,LIB
2020,OK,1020280,REP
2020,OK,503890,DEM
2020,OK,24731,LIB
2020,OK,3654,OTHER
2020,OK,5597,OTHER
2020,OK,2547,OTHER
1976,OR,492120,REP
1976,OR,490407,DEM
1976,OR,40207,OTHER
1976,OR,6107,OTHER
1976,OR,1035,OTHER
1980,OR,571044,REP
1980,OR,456890,DEM
1980,OR,112389,OTHER
1980,OR,25838,LIB
1980,OR,13642,OTHER
1980,OR,1713,OTHER
1984,OR,685700,REP
1984,OR,536479,DEM
1984,OR,4348,OTHER
1988,OR,616206,DEM
1988,OR,560126,REP
1988,OR,14811,LIB
1988,OR,6487,OTHER
1988,OR,4064,OTHER
1992,OR,621314,DEM
1992,OR,475757,REP
1992,OR,354091,OTHER
1992,OR,4277,LIB
1992,OR,3030,OTHER
1992,OR,2609,OTHER
1992,OR,1565,OTHER
1996,OR,649641,DEM
1996,OR,538152,REP
1996,OR,121221,OTHER
1996,OR,49415,OTHER
1996,OR,8903,LIB
1996,OR,3379,OTHER
1996,OR,2798,OTHER
1996,OR,2329,OTHER
1996,OR,1922,OTHER
2000,OR,720342,DEM
2000,OR,713577,REP
2000,OR,77357,OTHER
2000,OR,7447,LIB
2000,OR,7063,OTHER
2000,OR,3401,OTHER
2000,OR,2574,OTHER
2000,OR,2189,OTHER
2004,OR,943163,DEM
2004,OR,866831,REP
2004,OR,8956,OTHER
2004,OR,7260,LIB
2004,OR,5315,OTHER
2004,OR,5257,OTHER
2008,OR,1037291,DEM
2008,OR,738475,REP
2008,OR,18614,OTHER
2008,OR,13613,OTHER
2008,OR,7693,OTHER
2008,OR,7635,LIB
2008,OR,4543,OTHER
2012,OR,970488,DEM
2012,OR,754175,REP
2012,OR,24089,LIB
2012,OR,19427,OTHER
2012,OR,13275,OTHER
2012,OR,4432,OTHER
2012,OR,3384,OTHER
2016,OR,1002106,DEM
2016,OR,782403,REP
2016,OR,94231,LIB
2016,OR,72594,OTHER
2016,OR,50002,OTHER
2020,OR,958448,REP
2020,OR,1340383,DEM
2020,OR,41582,LIB
2020,OR,11831,OTHER
2020,OR,4988,OTHER
2020,OR,17089,OTHER
1976,PA,2328677,DEM
1976,PA,2205604,REP
1976,PA,50584,OTHER
1976,PA,25344,OTHER
1976,PA,3009,OTHER
1976,PA,2934,OTHER
1976,PA,2744,OTHER
1976,PA,1891,OTHER
1980,PA,2261872,REP
1980,PA,1937540,DEM
1980,PA,292921,OTHER
1980,PA,33263,LIB
1980,PA,20291,OTHER
1980,PA,10430,OTHER
1980,PA,5184,OTHER
1984,PA,2584323,REP
1984,PA,2228131,DEM
1984,PA,21628,OTHER
1984,PA,6982,LIB
1984,PA,2059,OTHER
1984,PA,1780,OTHER
1988,PA,2300087,REP
1988,PA,2194944,DEM
1988,PA,19158,OTHER
1988,PA,12051,LIB
1988,PA,4379,OTHER
1988,PA,3444,OTHER
1988,PA,2188,OTHER
1992,PA,2239164,DEM
1992,PA,1791841,REP
1992,PA,902667,OTHER
1992,PA,21477,LIB
1992,PA,4661,OTHER
1996,PA,2215819,DEM
1996,PA,1801169,REP
1996,PA,430984,OTHER
1996,PA,28000,LIB
1996,PA,19552,OTHER
1996,PA,5783,OTHER
2000,PA,2485967,DEM
2000,PA,2281127,REP
2000,PA,103392,OTHER
2000,PA,16023,OTHER
2000,PA,14428,OTHER
2000,PA,11248,LIB
2004,PA,2938095,DEM
2004,PA,2793847,REP
2004,PA,21185,LIB
2004,PA,6319,OTHER
2004,PA,6318,OTHER
2004,PA,2656,OTHER
2004,PA,1170,OTHER
2008,PA,3276363,DEM
2008,PA,2655885,REP
2008,PA,42977,OTHER
2008,PA,19912,LIB
2008,PA,9955,OTHER
2008,PA,8180,OTHER
2012,PA,2990274,DEM
2012,PA,2680434,REP
2012,PA,49991,LIB
2012,PA,21341,OTHER
2016,PA,2970733,REP
2016,PA,2926441,DEM
2016,PA,146715,LIB
2016,PA,49941,OTHER
2016,PA,21572,OTHER
2020,PA,3377674,REP
2020,PA,3458229,DEM
2020,PA,79380,LIB
1976,RI,227636,DEM
1976,RI,181249,REP
1976,RI,715,LIB
1976,RI,462,OTHER
1976,RI,334,OTHER
1976,RI,188,OTHER
1980,RI,198342,DEM
1980,RI,154793,REP
1980,RI,59819,OTHER
1980,RI,2458,LIB
1980,RI,218,OTHER
1980,RI,170,OTHER
1980,RI,90,OTHER
1980,RI,77,OTHER
1984,RI,212080,REP
1984,RI,197106,DEM
1984,RI,510,OTHER
1984,RI,277,LIB
1984,RI,240,OTHER
1984,RI,91,OTHER
1984,RI,75,OTHER
1984,RI,61,OTHER
1984,RI,49,OTHER
1988,RI,225123,DEM
1988,RI,177761,REP
1988,RI,825,LIB
1988,RI,280,OTHER
1988,RI,195,OTHER
1988,RI,159,OTHER
1988,RI,130,OTHER
1988,RI,96,OTHER
1988,RI,53,OTHER
1992,RI,213299,DEM
1992,RI,131601,REP
1992,RI,105045,OTHER
1992,RI,1878,OTHER
1992,RI,571,LIB
1992,RI,494,OTHER
1992,RI,262,OTHER
1992,RI,215,OTHER
1996,RI,233050,DEM
1996,RI,104683,REP
1996,RI,43723,OTHER
1996,RI,6040,OTHER
1996,RI,1109,LIB
1996,RI,1021,OTHER
1996,RI,435,OTHER
1996,RI,186,OTHER
2000,RI,249508,DEM
2000,RI,130555,REP
2000,RI,25052,OTHER
2000,RI,2273,OTHER
2000,RI,742,LIB
2000,RI,329,OTHER
2000,RI,271,OTHER
2000,RI,199,OTHER
2000,RI,97,OTHER
2000,RI,52,OTHER
2000,RI,34,OTHER
2004,RI,259760,DEM
2004,RI,169046,REP
2004,RI,4651,OTHER
2004,RI,1333,OTHER
2004,RI,907,LIB
2004,RI,845,OTHER
2004,RI,339,OTHER
2004,RI,253,OTHER
2008,RI,296571,DEM
2008,RI,165391,REP
2008,RI,4829,OTHER
2008,RI,1999,OTHER
2008,RI,1382,LIB
2008,RI,797,OTHER
2008,RI,675,OTHER
2008,RI,122,OTHER
2012,RI,279677,DEM
2012,RI,157204,REP
2012,RI,4388,LIB
2012,RI,2421,OTHER
2012,RI,1381,OTHER
2012,RI,430,OTHER
2012,RI,416,OTHER
2012,RI,132,OTHER
2016,RI,252525,DEM
2016,RI,180543,REP
2016,RI,14746,LIB
2016,RI,9439,OTHER
2016,RI,6220,OTHER
2016,RI,671,OTHER
2020,RI,307486,DEM
2020,RI,199922,REP
2020,RI,5053,LIB
2020,RI,2759,OTHER
2020,RI,923,OTHER
2020,RI,847,OTHER
1976,SC,450807,DEM
1976,SC,346149,REP
1976,SC,2996,OTHER
1976,SC,1950,OTHER
1976,SC,681,OTHER
1980,SC,439277,REP
1980,SC,428220,DEM
1980,SC,13868,OTHER
1980,SC,4807,LIB
1980,SC,2086,OTHER
1984,SC,615539,REP
1984,SC,344459,DEM
1984,SC,4359,LIB
1984,SC,3490,OTHER
1984,SC,682,OTHER
1988,SC,606443,REP
1988,SC,370554,DEM
1988,SC,4935,LIB
1988,SC,4077,OTHER
1992,SC,577507,REP
1992,SC,525514,DEM
1992,SC,119257,OTHER
1992,SC,2719,LIB
1992,SC,2680,OTHER
1992,SC,1235,OTHER
1996,SC,573339,REP
1996,SC,506152,DEM
1996,SC,36913,OTHER
1996,SC,27464,OTHER
1996,SC,4271,LIB
1996,SC,2043,OTHER
2000,SC,786892,REP
2000,SC,566037,DEM
2000,SC,20279,OTHER
2000,SC,4760,LIB
2000,SC,3309,OTHER
2000,SC,1682,OTHER
2000,SC,943,OTHER
2004,SC,937974,REP
2004,SC,661669,DEM
2004,SC,5520,OTHER
2004,SC,5317,OTHER
2004,SC,3608,LIB
2004,SC,2124,OTHER
2004,SC,1488,OTHER
2008,SC,1034896,REP
2008,SC,862449,DEM
2008,SC,7283,LIB
2008,SC,6827,OTHER
2008,SC,5053,OTHER
2008,SC,4461,OTHER
2012,SC,1071645,REP
2012,SC,865941,DEM
2012,SC,16321,LIB
2012,SC,5446,OTHER
2012,SC,4765,OTHER
2016,SC,1155389,REP
2016,SC,855373,DEM
2016,SC,49204,LIB
2016,SC,21016,OTHER
2016,SC,13034,OTHER
2016,SC,5765,OTHER
2016,SC,3246,OTHER
2020,SC,767,OTHER
2020,SC,6907,OTHER
2020,SC,1385103,REP
2020,SC,1862,OTHER
2020,SC,27916,LIB
2020,SC,1091541,DEM
1976,SD,151505,REP
1976,SD,147068,DEM
1976,SD,1619,LIB
1976,SD,318,OTHER
1976,SD,168,OTHER
1980,SD,198343,REP
1980,SD,103855,DEM
1980,SD,21431,OTHER
1980,SD,3824,LIB
1980,SD,250,OTHER
1984,SD,200267,REP
1984,SD,116113,DEM
1984,SD,1150,OTHER
1984,SD,337,OTHER
1988,SD,165415,REP
1988,SD,145560,DEM
1988,SD,2016,OTHER
1992,SD,136718,REP
1992,SD,124888,DEM
1992,SD,73295,OTHER
1992,SD,814,LIB
1992,SD,539,OTHER
1996,SD,150543,REP
1996,SD,139333,DEM
1996,SD,32478,OTHER
1996,SD,1472,LIB
2000,SD,190700,REP
2000,SD,118804,DEM
2000,SD,3322,OTHER
2000,SD,1781,OTHER
2000,SD,1662,LIB
2004,SD,232584,REP
2004,SD,149244,DEM
2004,SD,4320,OTHER
2004,SD,1103,OTHER
2004,SD,964,LIB
2008,SD,203054,REP
2008,SD,170924,DEM
2008,SD,4267,OTHER
2008,SD,1895,OTHER
2008,SD,1835,LIB
2012,SD,210610,REP
2012,SD,145039,DEM
2012,SD,5795,LIB
2012,SD,2371,OTHER
2016,SD,227721,REP
2016,SD,117458,DEM
2016,SD,20850,LIB
2016,SD,4064,OTHER
2020,SD,261043,REP
2020,SD,150471,DEM
2020,SD,11095,LIB
1976,TN,825879,DEM
1976,TN,633969,REP
1976,TN,5769,OTHER
1976,TN,5004,OTHER
1976,TN,2303,OTHER
1976,TN,1375,OTHER
1976,TN,547,OTHER
1976,TN,512,OTHER
1976,TN,442,OTHER
1976,TN,316,OTHER
1976,TN,230,OTHER
1980,TN,787761,REP
1980,TN,783051,DEM
1980,TN,35991,OTHER
1980,TN,7116,LIB
1980,TN,1112,OTHER
1980,TN,521,OTHER
1980,TN,519,OTHER
1980,TN,503,OTHER
1980,TN,490,OTHER
1980,TN,400,OTHER
1980,TN,152,OTHER
1984,TN,990212,REP
1984,TN,711714,DEM
1984,TN,3072,LIB
1984,TN,1852,OTHER
1984,TN,1763,OTHER
1984,TN,1036,OTHER
1984,TN,978,OTHER
1984,TN,715,OTHER
1984,TN,524,OTHER
1984,TN,127,OTHER
1988,TN,947233,REP
1988,TN,679794,DEM
1988,TN,8938,OTHER
1988,TN,285,OTHER
1992,TN,933521,DEM
1992,TN,841300,REP
1992,TN,199968,OTHER
1992,TN,7688,OTHER
1992,TN,161,OTHER
1996,TN,909146,DEM
1996,TN,863530,REP
1996,TN,121239,OTHER
1996,TN,190,OTHER
2000,TN,1061949,REP
2000,TN,981720,DEM
2000,TN,32084,OTHER
2000,TN,428,OTHER
2004,TN,1384375,REP
2004,TN,1036477,DEM
2004,TN,16428,OTHER
2004,TN,39,OTHER
2008,TN,1479178,REP
2008,TN,1087437,DEM
2008,TN,33134,OTHER
2012,TN,1462330,REP
2012,TN,960709,DEM
2012,TN,23001,OTHER
2012,TN,6515,OTHER
2012,TN,6022,OTHER
2016,TN,1522925,REP
2016,TN,870695,DEM
2016,TN,100618,OTHER
2016,TN,13789,OTHER
2020,TN,1852475,REP
2020,TN,1143711,DEM
2020,TN,5365,OTHER
2020,TN,1860,OTHER
2020,TN,4545,OTHER
2020,TN,29877,OTHER
2020,TN,2576,OTHER
2020,TN,2301,OTHER
2020,TN,10279,OTHER
2020,TN,1,OTHER
2020,TN,762,OTHER
2020,TN,31,OTHER
2020,TN,68,OTHER
1976,TX,2082319,DEM
1976,TX,1953300,REP
1976,TX,20118,OTHER
1976,TX,11442,OTHER
1976,TX,2982,OTHER
1976,TX,1723,OTHER
1980,TX,2510705,REP
1980,TX,1881147,DEM
1980,TX,111613,OTHER
1980,TX,37643,LIB
1980,TX,528,OTHER
1984,TX,3433428,REP
1984,TX,1949276,DEM
1984,TX,14613,OTHER
1984,TX,254,OTHER
1988,TX,3036829,REP
1988,TX,2352748,DEM
1988,TX,30355,LIB
1988,TX,7208,OTHER
1988,TX,270,OTHER
1992,TX,2496071,REP
1992,TX,2281815,DEM
1992,TX,1354781,OTHER
1992,TX,19699,LIB
1992,TX,1652,OTHER
1996,TX,2736167,REP
1996,TX,2459683,DEM
1996,TX,378537,OTHER
1996,TX,20256,LIB
1996,TX,7472,OTHER
1996,TX,5107,OTHER
1996,TX,4422,OTHER
2000,TX,3799639,REP
2000,TX,2433746,DEM
2000,TX,137994,OTHER
2000,TX,23160,LIB
2000,TX,12394,OTHER
2000,TX,704,OTHER
2004,TX,4526917,REP
2004,TX,2832704,DEM
2004,TX,38787,LIB
2004,TX,12341,OTHER
2008,TX,4479328,REP
2008,TX,3528633,DEM
2008,TX,56116,LIB
2008,TX,7967,OTHER
2008,TX,5751,OTHER
2012,TX,4569843,REP
2012,TX,3308124,DEM
2012,TX,88580,LIB
2012,TX,24657,OTHER
2012,TX,2647,OTHER
2016,TX,4685047,REP
2016,TX,3877868,DEM
2016,TX,283492,LIB
2016,TX,71558,OTHER
2016,TX,51261,OTHER
2020,TX,5890347,REP
2020,TX,5259126,DEM
2020,TX,126243,LIB
2020,TX,33396,OTHER
2020,TX,2012,OTHER
2020,TX,2785,OTHER
2020,TX,205,OTHER
2020,TX,49,OTHER
2020,TX,337,OTHER
2020,TX,350,OTHER
2020,TX,36,OTHER
2020,TX,56,OTHER
2020,TX,114,OTHER
1976,UT,337908,REP
1976,UT,182110,DEM
1976,UT,13304,OTHER
1976,UT,3907,OTHER
1976,UT,2438,OTHER
1976,UT,1162,OTHER
1976,UT,268,OTHER
1976,UT,121,OTHER
1980,UT,439687,REP
1980,UT,124266,DEM
1980,UT,30284,OTHER
1980,UT,7156,LIB
1980,UT,1009,OTHER
1980,UT,965,OTHER
1980,UT,522,OTHER
1980,UT,139,OTHER
1980,UT,124,OTHER
1984,UT,469105,REP
1984,UT,155369,DEM
1984,UT,2447,LIB
1984,UT,1345,OTHER
1984,UT,844,OTHER
1984,UT,220,OTHER
1984,UT,184,OTHER
1984,UT,142,OTHER
1988,UT,428442,REP
1988,UT,207343,DEM
1988,UT,7473,LIB
1988,UT,2158,OTHER
1988,UT,455,OTHER
1988,UT,427,OTHER
1988,UT,372,OTHER
1988,UT,209,OTHER
1988,UT,129,OTHER
1992,UT,322632,REP
1992,UT,203400,OTHER
1992,UT,183429,DEM
1992,UT,28602,OTHER
1992,UT,1900,LIB
1992,UT,1319,OTHER
1992,UT,1089,OTHER
1992,UT,414,OTHER
1992,UT,393,OTHER
1992,UT,292,OTHER
1992,UT,200,OTHER
1992,UT,177,OTHER
1992,UT,151,OTHER
1996,UT,361911,REP
1996,UT,221633,DEM
1996,UT,66461,OTHER
1996,UT,4615,OTHER
1996,UT,4129,LIB
1996,UT,2601,OTHER
1996,UT,1290,OTHER
1996,UT,1101,OTHER
1996,UT,1085,OTHER
1996,UT,298,OTHER
1996,UT,235,OTHER
1996,UT,159,OTHER
1996,UT,111,OTHER
2000,UT,515096,REP
2000,UT,203053,DEM
2000,UT,35850,OTHER
2000,UT,9319,OTHER
2000,UT,3616,LIB
2000,UT,2709,OTHER
2000,UT,763,OTHER
2000,UT,186,OTHER
2000,UT,161,OTHER
2000,UT,1,OTHER
2004,UT,663742,REP
2004,UT,241199,DEM
2004,UT,11305,OTHER
2004,UT,6841,OTHER
2004,UT,3375,LIB
2004,UT,946,OTHER
2004,UT,393,OTHER
2004,UT,43,OTHER
2008,UT,596030,REP
2008,UT,327670,DEM
2008,UT,12012,OTHER
2008,UT,8416,OTHER
2008,UT,6966,LIB
2008,UT,982,OTHER
2008,UT,262,OTHER
2008,UT,32,OTHER
2012,UT,740600,REP
2012,UT,251813,DEM
2012,UT,12572,LIB
2012,UT,5335,OTHER
2012,UT,3817,OTHER
2012,UT,2871,OTHER
2012,UT,393,OTHER
2012,UT,39,OTHER
2016,UT,515211,REP
2016,UT,310674,DEM
2016,UT,255060,OTHER
2016,UT,39608,LIB
2016,UT,8032,OTHER
2016,UT,2732,OTHER
2020,UT,2623,OTHER
2020,UT,7213,OTHER
2020,UT,560282,DEM
2020,UT,5551,OTHER
2020,UT,38447,LIB
2020,UT,2229,OTHER
2020,UT,5053,OTHER
2020,UT,1139,OTHER
2020,UT,865140,REP
2020,UT,368,OTHER
2020,UT,51,OTHER
2020,UT,186,OTHER
2020,UT,1,OTHER
2020,UT,6,OTHER
1976,VA,836554,REP
1976,VA,813896,DEM
1976,VA,17802,OTHER
1976,VA,16686,OTHER
1976,VA,7508,OTHER
1976,VA,4648,LIB
1980,VA,989609,REP
1980,VA,752174,DEM
1980,VA,95418,OTHER
1980,VA,14024,OTHER
1980,VA,12821,LIB
1980,VA,1986,OTHER
1984,VA,1337078,REP
1984,VA,796250,DEM
1984,VA,13307,OTHER
1988,VA,1309162,REP
1988,VA,859799,DEM
1988,VA,14312,OTHER
1988,VA,8336,LIB
1992,VA,1150517,REP
1992,VA,1038650,DEM
1992,VA,348639,OTHER
1992,VA,15129,OTHER
1992,VA,5730,LIB
1992,VA,464,OTHER
1996,VA,1138350,REP
1996,VA,1091060,DEM
1996,VA,159861,OTHER
1996,VA,13687,OTHER
1996,VA,9174,LIB
1996,VA,4510,OTHER
2000,VA,1437490,REP
2000,VA,1217290,DEM
2000,VA,59398,OTHER
2000,VA,15198,LIB
2000,VA,5455,OTHER
2000,VA,2807,OTHER
2000,VA,1809,OTHER
2004,VA,1716959,REP
2004,VA,1454742,DEM
2004,VA,11032,LIB
2004,VA,10161,OTHER
2004,VA,2521,OTHER
2008,VA,1959532,DEM
2008,VA,1725005,REP
2008,VA,11483,OTHER
2008,VA,11067,LIB
2008,VA,7474,OTHER
2008,VA,6355,OTHER
2008,VA,2344,OTHER
2012,VA,1971820,DEM
2012,VA,1822522,REP
2012,VA,31216,LIB
2012,VA,13058,OTHER
2012,VA,8627,OTHER
2012,VA,7246,OTHER
2016,VA,1981473,DEM
2016,VA,1769443,REP
2016,VA,118274,LIB
2016,VA,54054,OTHER
2016,VA,31870,OTHER
2016,VA,27638,OTHER
2020,VA,2413568,DEM
2020,VA,1962430,REP
2020,VA,64761,LIB
2020,VA,19765,OTHER
1976,VT,100387,REP
1976,VT,77798,DEM
1976,VT,4001,OTHER
1976,VT,1090,OTHER
1976,VT,430,OTHER
1976,VT,196,OTHER
1980,VT,94628,REP
1980,VT,81952,DEM
1980,VT,31761,OTHER
1980,VT,2316,OTHER
1980,VT,1900,LIB
1980,VT,413,OTHER
1980,VT,136,OTHER
1980,VT,118,OTHER
1980,VT,75,OTHER
1984,VT,135865,REP
1984,VT,95730,DEM
1984,VT,1002,LIB
1984,VT,712,OTHER
1984,VT,423,OTHER
1984,VT,323,OTHER
1984,VT,264,OTHER
1984,VT,127,OTHER
1984,VT,115,OTHER
1988,VT,124331,REP
1988,VT,115775,DEM
1988,VT,1134,OTHER
1988,VT,1000,LIB
1988,VT,275,OTHER
1988,VT,205,OTHER
1988,VT,189,OTHER
1988,VT,164,OTHER
1988,VT,142,OTHER
1988,VT,113,OTHER
1992,VT,133592,DEM
1992,VT,88122,REP
1992,VT,65991,OTHER
1992,VT,501,LIB
1992,VT,488,OTHER
1992,VT,329,OTHER
1992,VT,315,OTHER
1992,VT,124,OTHER
1992,VT,100,OTHER
1992,VT,82,OTHER
1992,VT,57,OTHER
1996,VT,137894,DEM
1996,VT,80352,REP
1996,VT,31024,OTHER
1996,VT,5585,OTHER
1996,VT,1183,LIB
1996,VT,560,OTHER
1996,VT,498,OTHER
1996,VT,480,OTHER
1996,VT,382,OTHER
1996,VT,292,OTHER
1996,VT,199,OTHER
2000,VT,149022,DEM
2000,VT,119775,REP
2000,VT,20374,OTHER
2000,VT,2192,OTHER
2000,VT,1044,OTHER
2000,VT,784,LIB
2000,VT,514,OTHER
2000,VT,219,OTHER
2000,VT,161,OTHER
2000,VT,153,OTHER
2000,VT,70,OTHER
2004,VT,184067,DEM
2004,VT,121180,REP
2004,VT,4494,OTHER
2004,VT,1102,LIB
2004,VT,957,OTHER
2004,VT,265,OTHER
2004,VT,244,OTHER
2008,VT,219262,DEM
2008,VT,98974,REP
2008,VT,3339,OTHER
2008,VT,1464,OTHER
2008,VT,1067,LIB
2008,VT,500,OTHER
2008,VT,150,OTHER
2008,VT,149,OTHER
2008,VT,141,OTHER
2012,VT,199239,DEM
2012,VT,92698,REP
2012,VT,3487,LIB
2012,VT,2043,OTHER
2012,VT,1128,OTHER
2012,VT,695,OTHER
2016,VT,178573,DEM
2016,VT,95369,REP
2016,VT,22899,OTHER
2016,VT,10078,LIB
2016,VT,6758,OTHER
2016,VT,4574,OTHER
2016,VT,1063,OTHER
2016,VT,826,OTHER
2016,VT,327,OTHER
2020,VT,242820,DEM
2020,VT,112704,REP
2020,VT,3608,LIB
2020,VT,1310,OTHER
2020,VT,1269,OTHER
2020,VT,1175,OTHER
2020,VT,856,OTHER
2020,VT,213,OTHER
2020,VT,209,OTHER
2020,VT,208,OTHER
2020,VT,195,OTHER
2020,VT,166,OTHER
2020,VT,141,OTHER
2020,VT,137,OTHER
2020,VT,126,OTHER
2020,VT,100,OTHER
2020,VT,65,OTHER
2020,VT,54,OTHER
2020,VT,53,OTHER
2020,VT,48,OTHER
2020,VT,1942,OTHER
2020,VT,278,OTHER
2020,VT,3262,OTHER
2020,VT,29,OTHER
1976,WA,777732,REP
1976,WA,717323,DEM
1976,WA,36986,OTHER
1976,WA,8585,OTHER
1976,WA,5482,OTHER
1976,WA,5042,LIB
1976,WA,1046,OTHER
1976,WA,905,OTHER
1976,WA,903,OTHER
1976,WA,817,OTHER
1976,WA,713,OTHER
1980,WA,865244,REP
1980,WA,650193,DEM
1980,WA,185073,OTHER
1980,WA,29213,LIB
1980,WA,9403,OTHER
1980,WA,1137,OTHER
1980,WA,956,OTHER
1980,WA,834,OTHER
1980,WA,341,OTHER
1984,WA,1051670,REP
1984,WA,798352,DEM
1984,WA,8844,LIB
1984,WA,5724,OTHER
1984,WA,4712,OTHER
1984,WA,1891,OTHER
1984,WA,1654,OTHER
1984,WA,814,OTHER
1984,WA,641,OTHER
1984,WA,608,OTHER
1988,WA,933516,DEM
1988,WA,903835,REP
1988,WA,17240,LIB
1988,WA,4412,OTHER
1988,WA,3520,OTHER
1988,WA,1440,OTHER
1988,WA,1290,OTHER
1992,WA,993037,DEM
1992,WA,731234,REP
1992,WA,541780,OTHER
1992,WA,7533,LIB
1992,WA,4854,OTHER
1992,WA,2456,OTHER
1992,WA,2354,OTHER
1992,WA,2026,OTHER
1992,WA,1776,OTHER
1992,WA,515,OTHER
1996,WA,1123323,DEM
1996,WA,840712,REP
1996,WA,201003,OTHER
1996,WA,62696,OTHER
1996,WA,12522,LIB
1996,WA,6076,OTHER
1996,WA,4578,OTHER
1996,WA,2189,OTHER
1996,WA,738,OTHER
2000,WA,1247652,DEM
2000,WA,1108864,REP
2000,WA,103002,OTHER
2000,WA,13135,LIB
2000,WA,7171,OTHER
2000,WA,2927,OTHER
2000,WA,1989,OTHER
2000,WA,1729,OTHER
2000,WA,660,OTHER
2000,WA,304,OTHER
2004,WA,1510201,DEM
2004,WA,1304894,REP
2004,WA,23283,OTHER
2004,WA,11955,LIB
2004,WA,3922,OTHER
2004,WA,2974,OTHER
2004,WA,1077,OTHER
2004,WA,547,OTHER
2004,WA,231,OTHER
2008,WA,1750848,DEM
2008,WA,1229216,REP
2008,WA,29489,OTHER
2008,WA,12728,LIB
2008,WA,9432,OTHER
2008,WA,3819,OTHER
2008,WA,705,OTHER
2008,WA,641,OTHER
2012,WA,1755396,DEM
2012,WA,1290670,REP
2012,WA,42202,LIB
2012,WA,20928,OTHER
2012,WA,8851,OTHER
2012,WA,4946,OTHER
2012,WA,1318,OTHER
2012,WA,1205,OTHER
2016,WA,1742718,DEM
2016,WA,1221747,REP
2016,WA,160879,LIB
2016,WA,107805,OTHER
2016,WA,58417,OTHER
2016,WA,17623,OTHER
2016,WA,4307,OTHER
2016,WA,3523,OTHER
2020,WA,2369612,DEM
2020,WA,1584651,REP
2020,WA,80500,LIB
2020,WA,18289,OTHER
2020,WA,4840,OTHER
2020,WA,2487,OTHER
2020,WA,27252,OTHER
1976,WI,1040232,DEM
1976,WI,1004987,REP
1976,WI,34943,OTHER
1976,WI,8552,OTHER
1976,WI,4298,OTHER
1976,WI,3814,LIB
1976,WI,2430,OTHER
1976,WI,1691,OTHER
1976,WI,389,OTHER
1980,WI,1088845,REP
1980,WI,981584,DEM
1980,WI,160657,OTHER
1980,WI,29135,LIB
1980,WI,7767,OTHER
1980,WI,1519,OTHER
1980,WI,1337,OTHER
1980,WI,808,OTHER
1980,WI,772,OTHER
1980,WI,414,OTHER
1980,WI,383,OTHER
1984,WI,1198584,REP
1984,WI,995740,DEM
1984,WI,4883,LIB
1984,WI,3864,OTHER
1984,WI,3791,OTHER
1984,WI,1456,OTHER
1984,WI,1006,OTHER
1984,WI,706,OTHER
1984,WI,619,OTHER
1984,WI,596,OTHER
1984,WI,444,OTHER
1988,WI,1126794,DEM
1988,WI,1047499,REP
1988,WI,15042,OTHER
1988,WI,2273,OTHER
1992,WI,1041066,DEM
1992,WI,930855,REP
1992,WI,544479,OTHER
1992,WI,7518,OTHER
1992,WI,2877,LIB
1992,WI,1833,OTHER
1992,WI,1070,OTHER
1992,WI,961,OTHER
1992,WI,405,OTHER
1996,WI,1071971,DEM
1996,WI,845029,REP
1996,WI,227339,OTHER
1996,WI,32766,OTHER
1996,WI,8811,OTHER
1996,WI,7929,LIB
1996,WI,2324,OTHER
2000,WI,1242987,DEM
2000,WI,1237279,REP
2000,WI,94070,OTHER
2000,WI,13693,OTHER
2000,WI,6640,LIB
2000,WI,2042,OTHER
2000,WI,1896,OTHER
2004,WI,1489504,DEM
2004,WI,1478120,REP
2004,WI,17272,OTHER
2004,WI,6464,LIB
2004,WI,2986,OTHER
2004,WI,2661,OTHER
2008,WI,1677211,DEM
2008,WI,1262393,REP
2008,WI,17605,OTHER
2008,WI,8858,LIB
2008,WI,6521,OTHER
2008,WI,5072,OTHER
2008,WI,4216,OTHER
2008,WI,764,OTHER
2008,WI,540,OTHER
2008,WI,237,OTHER
2012,WI,1620985,DEM
2012,WI,1410966,REP
2012,WI,29383,OTHER
2012,WI,5170,OTHER
2012,WI,4930,OTHER
2016,WI,1405284,REP
2016,WI,1382536,DEM
2016,WI,106674,LIB
2016,WI,31072,OTHER
2016,WI,22764,OTHER
2016,WI,12386,OTHER
2016,WI,12162,OTHER
2016,WI,1770,OTHER
2016,WI,1502,OTHER
2020,WI,1630866,DEM
2020,WI,1610184,REP
2020,WI,5146,OTHER
2020,WI,38491,OTHER
2020,WI,5259,OTHER
2020,WI,25,OTHER
2020,WI,36,OTHER
2020,WI,5,OTHER
2020,WI,1089,OTHER
2020,WI,110,OTHER
2020,WI,411,OTHER
2020,WI,52,OTHER
2020,WI,6367,OTHER
1976,WV,435864,DEM
1976,WV,314726,REP
1980,WV,367462,DEM
1980,WV,334206,REP
1980,WV,31691,OTHER
1980,WV,4356,LIB
1984,WV,405483,REP
1984,WV,328125,DEM
1984,WV,996,OTHER
1984,WV,645,OTHER
1984,WV,493,OTHER
1988,WV,341016,DEM
1988,WV,310065,REP
1988,WV,2230,OTHER
1992,WV,331001,DEM
1992,WV,241974,REP
1992,WV,108829,OTHER
1992,WV,1873,LIB
1996,WV,327812,DEM
1996,WV,233946,REP
1996,WV,71639,OTHER
1996,WV,3062,LIB
2000,WV,336475,REP
2000,WV,295497,DEM
2000,WV,10680,OTHER
2000,WV,3169,OTHER
2000,WV,1912,LIB
2000,WV,367,OTHER
2000,WV,24,OTHER
2004,WV,423778,REP
2004,WV,326541,DEM
2004,WV,4063,OTHER
2004,WV,1405,LIB
2004,WV,5,OTHER
2008,WV,397466,REP
2008,WV,303857,DEM
2008,WV,7219,OTHER
2008,WV,2465,OTHER
2008,WV,2355,OTHER
2008,WV,89,OTHER
2012,WV,417655,REP
2012,WV,238269,DEM
2012,WV,6302,LIB
2012,WV,4406,OTHER
2012,WV,3806,OTHER
2016,WV,489371,REP
2016,WV,188794,DEM
2016,WV,23004,LIB
2016,WV,8075,OTHER
2016,WV,3807,OTHER
2020,WV,235984,DEM
2020,WV,545382,REP
2020,WV,10687,LIB
2020,WV,2599,OTHER
1976,WY,92717,REP
1976,WY,62239,DEM
1976,WY,1387,OTHER
1980,WY,110700,REP
1980,WY,49427,DEM
1980,WY,12072,OTHER
1980,WY,4514,LIB
1984,WY,133241,REP
1984,WY,53370,DEM
1984,WY,2357,LIB
1988,WY,106867,REP
1988,WY,67113,DEM
1988,WY,2026,LIB
1988,WY,545,OTHER
1992,WY,79347,REP
1992,WY,68160,DEM
1992,WY,51263,OTHER
1992,WY,844,LIB
1992,WY,270,OTHER
1996,WY,105388,REP
1996,WY,77934,DEM
1996,WY,25928,OTHER
1996,WY,1739,LIB
1996,WY,582,OTHER
2000,WY,147947,REP
2000,WY,60481,DEM
2000,WY,2724,OTHER
2000,WY,1443,LIB
2000,WY,720,OTHER
2000,WY,411,OTHER
2004,WY,167629,REP
2004,WY,70776,DEM
2004,WY,3372,OTHER
2004,WY,1171,LIB
2004,WY,480,OTHER
2004,WY,433,OTHER
2008,WY,164958,REP
2008,WY,82868,DEM
2008,WY,3717,OTHER
2008,WY,1594,LIB
2008,WY,1521,OTHER
2008,WY,246,OTHER
2012,WY,170962,REP
2012,WY,69286,DEM
2012,WY,5326,LIB
2012,WY,2035,OTHER
2012,WY,1452,OTHER
2012,WY,1367,OTHER
2012,WY,273,OTHER
2016,WY,174419,REP
2016,WY,55973,DEM
2016,WY,13287,LIB
2016,WY,6904,OTHER
2016,WY,3224,OTHER
2016,WY,2661,OTHER
2016,WY,2042,OTHER
2016,WY,278,OTHER
2020,WY,73491,DEM
2020,WY,193559,REP
2020,WY,5768,LIB
2020,WY,2208,OTHER
2020,WY,1739,OTHER
2020,WY,279,OTHER
2020,WY,1459,OTHER
